Number,Name,ID
3479,TFC3,YAL001C
1642,VPS8,YAL002W
1977,ERP2,YAL007C
3464,FUN14,YAL008W
4423,SPO7,YAL009W
1199,MDM10,YAL010C
4060,SWC3,YAL011W
1756,DEP1,YAL013W
3203,SYN8,YAL014C
3496,PSK1,YAL017W
1061,LDS1,YAL018C
606,FUN30,YAL019W
853,ATS1,YAL020C
3877,CCR4,YAL021C
1229,FUN26,YAL022C
843,PMT2,YAL023C
4004,LTE1,YAL024C
2999,DRS2,YAL026C
4526,SAW1,YAL027W
2925,MYO4,YAL029C
3713,GIP4,YAL031C
1696,PRP45,YAL032C
863,RBG1,YAL036C
856,CYC3,YAL039C
1264,CLN3,YAL040C
3847,CDC24,YAL041W
1374,GCV3,YAL044C
4182,AIM1,YAL046C
560,SPC72,YAL047C
1235,FLC2,YAL053W
1550,ACS1,YAL054C
4139,PEX22,YAL055W
4803,GPB2,YAL056W
4421,ECM1,YAL059W
2820,BDH1,YAL060W
725,GDH3,YAL062W
1673,FLO9,YAL063C
1575,NA,YAL063C-A
3033,TDA8,YAL064C-A
4581,NA,YAL064W
3604,NA,YAL064W-B
1483,SEO1,YAL067C
4215,NA,YAL067W-A
2798,ERP1,YAR002C-A
4030,NUP60,YAR002W
549,SWD1,YAR003W
403,ADE1,YAR015W
86,KIN3,YAR018C
4049,PAU7,YAR020C
854,NA,YAR023C
1922,UIP3,YAR027W
3359,PRM9,YAR031W
1106,MST28,YAR033W
4507,NA,YAR035C-A
2897,YAT1,YAR035W
1206,SWH1,YAR042W
4533,NA,YAR064W
3863,NA,YAR066W
3184,IMD1,YAR073W
3277,NA,YAR075W
213,HTB2,YBL002W
59,HTA2,YBL003C
1386,UTP20,YBL004W
4489,PDR3,YBL005W
129,SLA1,YBL007C
993,HIR1,YBL008W
3508,NA,YBL008W-A
452,ALK2,YBL009W
3535,NA,YBL010C
80,ACH1,YBL015W
4391,FUS3,YBL016W
124,PEP1,YBL017C
33,POP8,YBL018C
1633,APN2,YBL019W
159,RFT1,YBL020W
510,HAP3,YBL021C
1501,PIM1,YBL022C
3146,MCM2,YBL023C
2956,LSM2,YBL026W
2916,RPL19B,YBL027W
3345,NA,YBL028C
1039,NA,YBL029C-A
4597,NA,YBL029W
3625,SHE1,YBL031W
2934,HEK2,YBL032W
3349,RIB1,YBL033C
2856,STU1,YBL034C
3420,NA,YBL036C
2815,NA,YBL039W-A
584,FUI1,YBL042C
1707,ECM13,YBL043W
1300,COR1,YBL045C
1010,PSY4,YBL046W
755,EDE1,YBL047C
2823,MOH1,YBL049W
4350,SAS3,YBL052C
4339,NA,YBL055C
963,PTC3,YBL056W
4681,SHP1,YBL058W
1732,CMC2,YBL059C-A
502,YEL1,YBL060W
3268,SKT5,YBL061C
317,PRX1,YBL064C
2825,UBP13,YBL067C
2888,PRS4,YBL068W
418,AST1,YBL069W
3649,NA,YBL071C-B
302,KTI11,YBL071W-A
3248,RPS8A,YBL072C
4288,AAR2,YBL074C
3101,SSA3,YBL075C
3550,ATG8,YBL078C
4249,NUP170,YBL079W
3893,PET112,YBL080C
309,BOI1,YBL085W
3602,NA,YBL086C
3242,TEL1,YBL088C
931,AVT5,YBL089W
1769,MRP21,YBL090W
449,MAP2,YBL091C
4444,ROX3,YBL093C
3371,MRX3,YBL095W
2962,BNA4,YBL098W
3833,ECM21,YBL101C
2915,NA,YBL101W-C
300,SFT2,YBL102W
3890,RTG3,YBL103C
1145,SRO77,YBL106C
4068,MIX23,YBL107C
1731,NA,YBL111C
1236,NA,YBL112C
3859,NA,YBL113C
4213,COQ1,YBR003W
3127,RCR1,YBR005W
310,UGA2,YBR006W
3992,DSF2,YBR007C
1538,FLR1,YBR008C
3329,HHF1,YBR009C
2791,HHT1,YBR010W
4708,IPP1,YBR011C
3396,NA,YBR013C
2997,MNN2,YBR015C
3739,NA,YBR016W
3644,GAL7,YBR018C
3363,GAL10,YBR019C
4453,GAL1,YBR020W
666,FUR4,YBR021W
1811,POA1,YBR022W
342,CHS3,YBR023C
3821,SCO2,YBR024W
2793,OLA1,YBR025C
1447,ETR1,YBR026C
3119,YPK3,YBR028C
4899,EDS1,YBR033W
2977,HMT1,YBR034C
939,PDX3,YBR035C
3470,CSG2,YBR036C
1474,ATP3,YBR039W
1718,FIG1,YBR040W
665,FAT1,YBR041W
3610,QDR3,YBR043C
1346,TCM62,YBR044C
1109,FMP23,YBR047W
1240,RPS11B,YBR048W
3752,REG2,YBR050C
3196,RFS1,YBR052C
4159,NA,YBR053C
249,PRP6,YBR055C
1398,NA,YBR056W
603,NA,YBR056W-A
3193,MUM2,YBR057C
3295,UBP14,YBR058C
4345,TSC3,YBR058C-A
476,AKL1,YBR059C
1193,TRM7,YBR061C
1279,NA,YBR063C
3129,ECM2,YBR065C
321,NRG2,YBR066C
2875,BAP2,YBR068C
2968,TAT1,YBR069C
3430,NA,YBR072C-A
4113,HSP26,YBR072W
4160,RDH54,YBR073W
1784,ECM8,YBR076W
2989,SLM4,YBR077C
3326,ECM33,YBR078W
255,SEC18,YBR080C
3970,SPT7,YBR081C
1695,UBC4,YBR082C
1864,TEC1,YBR083W
805,AAC3,YBR085W
3106,NHP6B,YBR089C-A
4235,NA,YBR090C
1115,RXT2,YBR095C
3510,NA,YBR096W
269,VPS15,YBR097W
1121,MMS4,YBR098W
37,EXO84,YBR102C
864,SIF2,YBR103W
787,VID24,YBR105C
3278,PHO88,YBR106W
1348,IML3,YBR107C
4123,AIM3,YBR108W
187,SUS1,YBR111W-A
3383,TKL2,YBR117C
2800,GRS1,YBR121C
2913,TFC1,YBR123C
934,PTC4,YBR125C
2921,VMA2,YBR127C
657,ATG14,YBR128C
4149,OPY1,YBR129C
3353,SHE3,YBR130C
4394,AGP2,YBR132C
3996,HSL7,YBR133C
4265,CKS1,YBR135W
2853,NA,YBR137W
4359,NA,YBR138C
4678,NA,YBR139W
1333,IRA1,YBR140C
2944,BMT2,YBR141C
1425,MAK5,YBR142W
2919,SUP45,YBR143C
1213,ADH5,YBR145W
1003,TBS1,YBR150C
2908,APD1,YBR151W
1185,SPP381,YBR152W
3499,RIB7,YBR153W
365,RPB5,YBR154C
3638,CNS1,YBR155W
2953,ICS2,YBR157C
4740,AMN1,YBR158W
1012,IFA38,YBR159W
4224,CDC28,YBR160W
1157,CSH1,YBR161W
3145,TOS1,YBR162C
1368,YSY6,YBR162W-A
186,ARL1,YBR164C
3688,UBS1,YBR165W
2920,TYR1,YBR166C
3518,PEX32,YBR168W
753,SSE2,YBR169C
1663,NPL4,YBR170C
4332,SWD3,YBR175W
3239,ECM31,YBR176W
2982,EHT1,YBR177C
1389,FZO1,YBR179C
3087,RPS6B,YBR181C
4002,NA,YBR184W
900,MBA1,YBR185C
3128,PCH2,YBR186W
4495,NTC20,YBR188C
370,RPS9B,YBR189W
4572,MED8,YBR193C
3257,AIM4,YBR194W
3113,MSI1,YBR195C
979,NA,YBR196C-B
1335,KTR4,YBR199W
3006,BEM1,YBR200W
2907,DER1,YBR201W
3623,COS111,YBR203W
839,LDH1,YBR204C
4688,KTR3,YBR205W
2861,FTH1,YBR207W
45,"DUR1,2",YBR208C
4308,ERV15,YBR210W
1701,NGR1,YBR212W
4683,MET8,YBR213W
3245,SDS24,YBR214W
107,HPC2,YBR215W
3822,YBP1,YBR216C
456,ATG12,YBR217W
660,PYC2,YBR218C
4073,NA,YBR219C
3364,NA,YBR220C
364,PDB1,YBR221C
48,PCS60,YBR222C
3931,NA,YBR225W
4147,MCX1,YBR227C
3202,SLX1,YBR228W
3210,ROT2,YBR229C
3085,OM14,YBR230C
1600,DAD3,YBR233W-A
1458,VHC1,YBR235W
417,ABD1,YBR236C
1542,PRP5,YBR237W
3874,NA,YBR238C
412,ERT1,YBR239C
3784,THI2,YBR240C
2799,NA,YBR241C
276,NA,YBR242W
1084,GPX2,YBR244W
348,RRT2,YBR246W
3691,HIS7,YBR248C
874,SPO23,YBR250W
2789,DUT1,YBR252W
3381,TRS20,YBR254C
472,NA,YBR255C-A
3816,RIB5,YBR256C
4511,SHG1,YBR258C
1613,RGD1,YBR260C
1680,MIC12,YBR262C
4172,SHM1,YBR263W
3867,YPT10,YBR264C
469,TSC10,YBR265W
2972,REI1,YBR267W
1576,SDH8,YBR269C
270,BIT2,YBR270C
357,EFM2,YBR271W
1090,UBX7,YBR273C
1135,CHK1,YBR274W
3797,RIF1,YBR275C
4353,PPS1,YBR276C
3695,DPB3,YBR278W
425,PAF1,YBR279W
597,SAF1,YBR280C
618,DUG2,YBR281C
4545,MRPL27,YBR282W
865,SSH1,YBR283C
478,NA,YBR284W
919,NA,YBR285W
564,APE3,YBR286W
156,APM3,YBR288C
2847,SNF5,YBR289W
3071,BSD2,YBR290W
3410,PCA1,YBR295W
1662,PHO89,YBR296C
3484,MAL33,YBR297W
1597,NA,YBR298C-A
4307,MAL32,YBR299W
4222,COS2,YBR302C
334,NA,YCL001W-B
851,ILV6,YCL009C
1871,SGF29,YCL010C
4692,GBP2,YCL011C
21,BUD3,YCL014W
1479,NA,YCL021W-A
1883,FRM2,YCL026C-A
3293,FUS1,YCL027W
4669,RNQ1,YCL028W
121,BIK1,YCL029C
3302,RRP7,YCL031C
1514,STE50,YCL032W
3703,MXR2,YCL033C
4461,LSB5,YCL034W
997,ATG22,YCL038C
1558,GID7,YCL039W
711,GLK1,YCL040W
551,NA,YCL042W
767,MGR1,YCL044C
4220,KAR4,YCL055W
336,PEX34,YCL056C
90,PRD1,YCL057W
3959,KRR1,YCL059C
4480,MRC1,YCL061C
411,NA,YCL068C
3635,GEX1,YCL073C
4292,MRPL32,YCR003W
1068,YCP4,YCR004C
2967,CIT2,YCR005C
3733,RVS161,YCR009C
268,ADP1,YCR011C
179,PGK1,YCR012W
3777,POL4,YCR014C
905,CTO1,YCR015C
141,NA,YCR016W
4540,SRD1,YCR018C
3452,MAK32,YCR019W
279,MAK31,YCR020C-A
4361,HTL1,YCR020W-B
712,HSP30,YCR021C
4693,NA,YCR023C
872,SLM5,YCR024C
180,PMP1,YCR024C-A
4405,NA,YCR024C-B
1884,NPP1,YCR026C
4187,RHB1,YCR027C
3596,RIM1,YCR028C-A
4524,SYP1,YCR030C
379,RPS14A,YCR031C
1278,BPH1,YCR032W
4082,SNT1,YCR033W
3708,ELO2,YCR034W
1517,RRP43,YCR035C
809,RBK1,YCR036W
4268,PHO87,YCR037C
699,BUD5,YCR038C
3620,MATALPHA1,YCR040W
3253,NA,YCR043C
1651,RRT12,YCR045C
1489,IMG1,YCR046C
408,NA,YCR051W
1422,CTR86,YCR054C
4108,YIH1,YCR059C
1487,TAH1,YCR060W
909,HCM1,YCR065W
1243,RAD18,YCR066W
333,SED4,YCR067C
474,ATG15,YCR068W
1197,CPR4,YCR069W
4119,IMG2,YCR071C
558,SSK22,YCR073C
1715,ERS1,YCR075C
31,EGO2,YCR075W-A
1391,PTC6,YCR079W
3440,SRB8,YCR081W
844,CSM1,YCR086W
2992,NA,YCR087C-A
1140,NA,YCR090C
4077,KIN82,YCR091W
1728,MSH3,YCR092C
2817,CDC39,YCR093W
4389,CDC50,YCR094W
3975,OCA4,YCR095C
3497,HMRA2,YCR096C
3677,HMRA1,YCR097W
350,GIT1,YCR098C
1990,NA,YCR099C
4301,NA,YCR100C
1289,NA,YCR101C
1686,NA,YCR102C
4064,PAU3,YCR104W
2030,ADH7,YCR105W
877,RDS1,YCR106W
1725,AAD3,YCR107W
487,NA,YCR108C
3792,NHP10,YDL002C
4173,ATP16,YDL004W
918,PTC1,YDL006W
1046,RPT2,YDL007W
3035,APC11,YDL008W
720,GRX6,YDL010W
2845,SLX5,YDL013W
4427,TSC13,YDL015C
1596,CDC7,YDL017W
1021,GPM2,YDL021W
3219,GPD1,YDL022W
4103,DIA3,YDL024C
1739,MPS1,YDL028C
810,ARP2,YDL029W
992,PRP9,YDL030W
739,GPR1,YDL035C
1824,PUS9,YDL036C
3679,BSC1,YDL037C
565,PRM7,YDL039C
2830,NAT1,YDL040C
972,PRP11,YDL043C
4059,FAD1,YDL045C
3149,MRP10,YDL045W-A
1522,SIT4,YDL047W
3577,STP4,YDL048C
3824,KNH1,YDL049C
850,LHP1,YDL051W
1868,PBP4,YDL053C
892,PSA1,YDL055C
3182,MBP1,YDL056W
3126,USO1,YDL058W
1153,RPS29B,YDL061C
432,IDP1,YDL066W
852,COX9,YDL067C
4397,BDF2,YDL070W
4274,BRE1,YDL074C
3301,RXT3,YDL076C
2966,MDH3,YDL078C
3789,MRK1,YDL079C
4010,THI3,YDL080C
183,RPP1A,YDL081C
251,RPL13A,YDL082W
596,RPS16B,YDL083C
1256,NA,YDL085C-A
3913,NA,YDL086W
3212,LUC7,YDL087C
387,ASM4,YDL088C
3468,SRP14,YDL092W
1042,PMT5,YDL093W
1643,PMT1,YDL095W
3778,SNU23,YDL098C
2833,BUG1,YDL099W
3826,QRI1,YDL103C
3864,QRI7,YDL104C
3729,NSE4,YDL105W
3462,PHO2,YDL106C
3186,MSS2,YDL107W
1303,KIN28,YDL108W
1037,NA,YDL109C
1316,TMA17,YDL110C
512,TRM3,YDL112W
3399,ATG20,YDL113C
4050,NA,YDL114W
4186,IWR1,YDL115C
804,NUP84,YDL116W
626,CYK3,YDL117W
1603,HEM25,YDL119C
4230,YFH1,YDL120W
868,HNT1,YDL125C
4509,PCL2,YDL127W
1806,NA,YDL129W
455,RPP1B,YDL130W
802,STF1,YDL130W-A
1402,LYS21,YDL131W
2829,RPL41B,YDL133C-A
22,SRF1,YDL133W
3016,RDI1,YDL135C
280,RPL35B,YDL136W
3958,RGT2,YDL138W
832,BPL1,YDL141W
901,NA,YDL144C
3081,COP1,YDL145C
444,LDB17,YDL146W
4042,RPN5,YDL147W
4303,NOP14,YDL148C
2979,ATG9,YDL149W
3972,MSH5,YDL154W
1233,CLB3,YDL155W
4140,CMR1,YDL156W
1496,NA,YDL157C
4247,STE7,YDL159W
526,NA,YDL159W-A
2954,DHH1,YDL160C
221,MHF2,YDL160C-A
40,ENT1,YDL161W
1322,CDC9,YDL164C
834,CDC36,YDL165W
4025,FAP7,YDL166C
3905,NRP1,YDL167C
3074,SFA1,YDL168W
4439,UGA3,YDL170W
35,GLT1,YDL171C
3197,PAR32,YDL173W
4003,DLD1,YDL174C
1738,AIR2,YDL175C
3924,NA,YDL176W
1354,PCL9,YDL179W
4612,NA,YDL180W
2818,LYS20,YDL182W
4244,NA,YDL183C
3401,RPL41A,YDL184C
10,VMA1,YDL185W
3964,PPH22,YDL188C
3220,RBS1,YDL189W
475,UFD2,YDL190C
1508,ARF1,YDL192W
3979,SNF3,YDL194W
3223,SEC31,YDL195W
1727,ASF2,YDL197C
1336,GGC1,YDL198C
1242,MRPL11,YDL202W
4128,ACK1,YDL203C
2886,RTN2,YDL204W
545,GLE1,YDL207W
3788,CWC2,YDL209C
3258,UGA4,YDL210W
176,NA,YDL211C
899,SHR3,YDL212W
4337,PRR2,YDL214C
645,GDH2,YDL215C
1463,RRI1,YDL216C
3786,DTD1,YDL219W
2804,FMP45,YDL222C
568,HBT1,YDL223C
1131,WHI4,YDL224C
2991,SHS1,YDL225W
61,GCS1,YDL226C
3490,HO,YDL227C
1453,PTP1,YDL230W
4273,BRE4,YDL231C
120,OST4,YDL232W
3925,MFG1,YDL233W
165,YPD1,YDL235C
1387,PHO13,YDL236W
817,AIM6,YDL237W
3944,ADY3,YDL239C
1881,LRG1,YDL240W
3710,AAD4,YDL243C
4209,THI13,YDL244W
784,HXT15,YDL245C
1595,SOR2,YDL246C
694,MPH2,YDL247W
4223,COS7,YDL248W
4028,NTH1,YDR001C
4496,RAD57,YDR004W
671,MAF1,YDR005C
4835,SOK1,YDR006C
3350,TRP1,YDR007W
4035,GAL3,YDR009W
2970,SNQ2,YDR011W
2986,RPL4B,YDR012W
1423,PSF1,YDR013W
1621,RAD61,YDR014W
1111,DAD1,YDR016C
740,KCS1,YDR017C
703,NA,YDR018C
360,GCV1,YDR019C
4574,DAS2,YDR020C
1481,ATG31,YDR022C
4239,RPS11A,YDR025W
4051,NSI1,YDR026C
201,VPS54,YDR027C
527,REG1,YDR028C
3179,RAD28,YDR030C
167,PST2,YDR032C
182,MRH1,YDR033W
335,NA,YDR034W-B
1631,ARO3,YDR035W
2846,KRS1,YDR037W
4012,ENA5,YDR038C
1364,ENA2,YDR039C
825,ENA1,YDR040C
431,RSM10,YDR041W
1945,NA,YDR042C
1832,HEM13,YDR044W
3068,BAP3,YDR046C
1694,HEM12,YDR047W
1170,TPI1,YDR050C
1712,DET1,YDR051C
3860,DBF4,YDR052C
4250,PST1,YDR055W
3953,YOS9,YDR057W
1152,TGL2,YDR058C
3923,UBC5,YDR059C
3303,MAK21,YDR060W
1244,RRG1,YDR065W
1700,RTR2,YDR066C
952,OCA6,YDR067C
814,DOS2,YDR068W
4183,FMP16,YDR070C
4710,PAA1,YDR071C
3628,SNF11,YDR073W
3048,TPS2,YDR074W
3175,RAD55,YDR076W
932,SED1,YDR077W
923,SHU2,YDR078C
631,TFB5,YDR079C-A
3989,PET100,YDR079W
3344,VPS41,YDR080W
4404,PDC2,YDR081C
3768,STN1,YDR082W
3433,TVP23,YDR084C
4171,AFR1,YDR085C
4518,RRP1,YDR087C
3142,SLU7,YDR088C
330,NA,YDR089W
1099,RLI1,YDR091C
3354,UBC13,YDR092W
4039,DNF2,YDR093W
3566,MSH6,YDR097C
1650,GRX3,YDR098C
111,BMH2,YDR099W
467,TVP15,YDR100W
768,ARX1,YDR101C
794,STE5,YDR103W
3855,SPO71,YDR104C
297,TMS1,YDR105C
1916,ARP10,YDR106W
990,TRS85,YDR108W
738,NA,YDR109C
4415,FOB1,YDR110W
4701,ALT2,YDR111C
4591,PDS1,YDR113C
807,NA,YDR115W
3279,APC4,YDR118W
4600,VBA4,YDR119W
4487,TRM1,YDR120C
3873,DPB4,YDR121W
3306,KIN1,YDR122W
216,ARO1,YDR127W
1855,MTC5,YDR128W
933,RGP1,YDR137W
3046,HPR1,YDR138W
3813,PEX7,YDR142C
562,SAN1,YDR143C
1013,MKC7,YDR144C
4033,SWI5,YDR146C
998,KGD2,YDR148C
4118,NUM1,YDR150W
1326,CTH1,YDR151C
3251,GIR2,YDR152W
4145,ENT5,YDR153C
2863,HOM2,YDR158W
26,SAC3,YDR159W
3985,ACL4,YDR161W
4047,CWC15,YDR163W
1639,SEC1,YDR164C
1588,TRM82,YDR165W
118,SEC5,YDR166C
3269,STB3,YDR169C
4105,NA,YDR169C-A
1033,SEC7,YDR170C
988,SDH4,YDR178W
447,CSN9,YDR179C
600,NVJ3,YDR179W-A
3727,SAS4,YDR181C
1779,CDC1,YDR182W
4386,NA,YDR182W-A
3736,PLP1,YDR183W
679,ATC1,YDR184C
946,UPS3,YDR185C
1478,NA,YDR186C
1852,SLY1,YDR189W
2945,RVB1,YDR190C
769,HST4,YDR191W
341,NUP42,YDR192C
4126,MSS116,YDR194C
1038,NA,YDR194W-A
1825,REF2,YDR195W
573,CAB5,YDR196C
1746,CBS2,YDR197W
482,RKM2,YDR198C
1847,VPS64,YDR200C
1745,SPC19,YDR201W
704,RAV2,YDR202C
3583,COQ4,YDR204W
3588,MSC2,YDR205W
1788,MSS4,YDR208W
3429,GCD6,YDR211W
591,UPC2,YDR213W
1681,AHA1,YDR214W
3662,ADR1,YDR216W
1813,RAD9,YDR217C
3702,SPR28,YDR218C
457,MFB1,YDR219C
4413,GTB1,YDR221W
4175,NA,YDR222W
4036,CRF1,YDR223W
4464,IVY1,YDR229W
337,COX20,YDR231C
2790,RTN1,YDR233C
3978,LYS4,YDR234W
1171,PRP42,YDR235W
1174,FMN1,YDR236C
1128,SEC26,YDR238C
2984,NA,YDR239C
4588,SNU56,YDR240C
4305,AMD2,YDR242W
4014,PEX5,YDR244W
3740,MNN10,YDR245W
4031,TRS23,YDR246W
3445,NA,YDR246W-A
433,VHS1,YDR247W
1851,NA,YDR248C
4157,NA,YDR249C
3926,MET32,YDR253C
3299,CHL4,YDR254W
659,CTA1,YDR256C
3443,RKM4,YDR257C
259,HSP78,YDR258C
1262,YAP6,YDR259C
3315,SWM1,YDR260C
3918,EXG2,YDR261C
4747,NA,YDR262W
1759,DIN7,YDR263C
4210,AKR1,YDR264C
3333,PEX10,YDR265W
1397,HEL2,YDR266C
691,CIA1,YDR267C
1340,CCC2,YDR270W
911,GLO2,YDR272W
1502,DON1,YDR273W
1605,BSC2,YDR275W
3474,MTH1,YDR277C
3709,PHM6,YDR281C
83,GCN2,YDR283C
481,DPP1,YDR284C
3557,ZIP1,YDR285W
1162,NA,YDR286C
639,INM2,YDR287W
4091,NSE3,YDR288W
2964,RTT103,YDR289C
1225,HRQ1,YDR291W
878,SSD1,YDR293C
1480,HDA2,YDR295C
294,MHR1,YDR296W
19,SUR2,YDR297W
2995,PRO1,YDR300C
3674,CFT1,YDR301W
4266,GPI11,YDR302W
1685,CPR5,YDR304C
758,HNT2,YDR305C
1771,NA,YDR306C
144,PMT7,YDR307W
3163,SRB7,YDR308C
3711,SUM1,YDR310C
879,PIB1,YDR313C
3297,RAD34,YDR314C
3701,IPK1,YDR315C
3723,OMS1,YDR316W
1136,HIM1,YDR317W
439,MCM21,YDR318W
1736,DAD4,YDR320C-A
3194,ASP1,YDR321W
578,TIM11,YDR322C-A
1291,UTP4,YDR324C
4831,YCG1,YDR325W
1105,YSP2,YDR326C
3798,PEX3,YDR329C
1070,UBX5,YDR330W
56,GPI8,YDR331W
4375,IRC3,YDR332W
3441,RQC1,YDR333C
3581,SWR1,YDR334W
3840,MSN5,YDR335W
3034,NA,YDR338C
4063,FCF1,YDR339C
3343,HXT7,YDR342C
2819,HXT3,YDR345C
3561,SVF1,YDR346C
1587,PAL1,YDR348C
3114,ATP22,YDR350C
1656,SBE2,YDR351W
299,YPQ2,YDR352W
652,TRR1,YDR353W
3280,TRP4,YDR354W
1854,GGA1,YDR358W
3963,TFC6,YDR362C
1641,ESC2,YDR363W
1154,SEM1,YDR363W-A
4165,CDC40,YDR364C
1475,NA,YDR366C
750,YPR1,YDR368W
4090,XRS2,YDR369C
1568,DXO1,YDR370C
1265,CTS2,YDR371W
3291,FRQ1,YDR373W
4829,PHO92,YDR374C
559,ARH1,YDR376W
2904,ATP17,YDR377W
4,LSM6,YDR378C
3986,SDH6,YDR379C-A
570,RGA2,YDR379W
1488,NA,YDR381C-A
283,RPP2B,YDR382W
3406,EFT2,YDR385W
3730,MUS81,YDR386W
1450,NA,YDR387C
3061,RVS167,YDR388W
4355,SAC7,YDR389W
1001,NA,YDR391C
2878,SHE9,YDR393W
4197,NCB2,YDR397C
458,UTP5,YDR398W
3716,HPT1,YDR399W
1753,URH1,YDR400W
772,DIT1,YDR403W
4590,MRP20,YDR405W
1167,PDR15,YDR406W
2951,ADE8,YDR408C
4582,SIZ1,YDR409W
4117,STE14,YDR410C
3444,RRP17,YDR412W
223,ERD1,YDR414C
3773,SYF1,YDR416W
3943,HKR1,YDR420W
1687,ARO80,YDR421W
1016,SIP1,YDR422C
4088,CAD1,YDR423C
1081,DYN2,YDR424C
3324,SNX41,YDR425W
956,RPN9,YDR427W
1200,BNA7,YDR428C
1359,TIF35,YDR429C
582,CYM1,YDR430C
119,NPL3,YDR432W
27,GPI17,YDR434W
483,PPM1,YDR435C
4137,PPZ2,YDR436W
1347,GPI19,YDR437W
4062,THI74,YDR438W
3116,DOT1,YDR440W
1350,APT2,YDR441C
3956,SSN2,YDR443C
4076,NA,YDR444W
3749,RPS17B,YDR447C
4136,ADA2,YDR448W
1159,RPS18A,YDR450W
3379,PPN1,YDR452W
265,TSA2,YDR453C
2922,GUK1,YDR454C
517,TOM1,YDR457W
640,HEH2,YDR458C
542,PFA5,YDR459C
1814,RMT2,YDR465C
70,PKH3,YDR466W
1497,TLG1,YDR468C
3336,UGO1,YDR470C
3334,JIP4,YDR475C
4331,NA,YDR476C
3810,SNF1,YDR477W
774,SNM1,YDR478W
2993,DIG2,YDR480W
869,PHO8,YDR481C
4138,CWC21,YDR482C
955,KRE2,YDR483W
293,VPS52,YDR484W
2890,VPS60,YDR486C
888,RIB3,YDR487C
97,PAC11,YDR488C
4056,IZH1,YDR492W
3266,RSM28,YDR494W
3065,PUF6,YDR496C
3098,ITR1,YDR497C
4191,LCD1,YDR499W
3503,PLM2,YDR501W
11,SAM2,YDR502C
2926,LPP1,YDR503C
3852,SPG3,YDR504C
2807,GNP1,YDR508C
1360,SMT3,YDR510W
1002,SDH7,YDR511W
1198,EMI1,YDR512C
1031,SLF1,YDR515W
3650,GRH1,YDR517W
298,SPS1,YDR523C
698,AGE1,YDR524C
77,NA,YDR524C-B
3407,RBA50,YDR527W
3672,HLR1,YDR528W
3879,APA2,YDR530C
3846,KRE28,YDR532C
875,FIT1,YDR534C
3147,STL1,YDR536W
938,PAD1,YDR538W
2959,FDC1,YDR539W
1491,IRC4,YDR540C
3321,NA,YDR541C
4385,PAU10,YDR542W
3579,YRF1-1,YDR545W
2871,MIT1,YEL007W
930,GCN4,YEL009C
16,GLC3,YEL011W
4488,UBC8,YEL012W
1274,NPP2,YEL016C
243,GTT3,YEL017W
4065,EAF5,YEL018W
4038,MMS21,YEL019C
1798,NA,YEL023C
1407,RIP1,YEL024W
1586,NA,YEL025C
1638,ECM10,YEL030W
65,SPF1,YEL031W
4232,UTR5,YEL035C
1860,ANP1,YEL036C
3185,CYC7,YEL039C
866,UTR2,YEL040W
525,YEF1,YEL041W
3667,IES6,YEL044W
2912,GLY1,YEL046C
353,FRD1,YEL047C
981,TCA17,YEL048C
1719,PAU2,YEL049W
604,MAK10,YEL053C
3143,POL5,YEL055C
1261,SOM1,YEL059C-A
3622,CIN8,YEL061C
147,CAN1,YEL063C
1103,AVT2,YEL064C
389,HPA3,YEL066W
3697,DSF1,YEL070W
4271,DLD3,YEL071W
1833,NA,YEL073C
3509,NA,YEL075C
1404,NA,YEL076C
4814,NA,YEL076C-A
3671,NA,YEL077C
3388,NOP16,YER002W
68,PMI40,YER003C
1482,YND1,YER005W
3831,NUG1,YER006W
1238,TMA20,YER007C-A
780,PAC2,YER007W
12,SEC3,YER008C
4029,TIR1,YER011W
3367,HEM14,YER014W
127,BIM1,YER016W
3228,AFG3,YER017C
4298,SPC25,YER018C
1146,ISC1,YER019W
2974,GPA2,YER020W
29,PRO3,YER023W
3914,CHO1,YER026C
4445,GAL83,YER027C
466,SMB1,YER029C
884,CHZ1,YER030W
966,YPT31,YER031C
3077,FIR1,YER032W
4093,NA,YER034W
1559,EDC2,YER035W
4127,ARB1,YER036C
4096,KRE29,YER038C
3467,NA,YER039C-A
523,GLN3,YER040W
3955,YEN1,YER041W
3889,MXR1,YER042W
4237,ERG28,YER044C
3971,MEI4,YER044C-A
3827,ACA1,YER045C
4195,SAP1,YER047C
4406,CAJ1,YER048C
3173,TPA1,YER049W
4704,PIC2,YER053C
3002,NA,YER053C-A
486,GIP2,YER054C
116,HIS1,YER055C
2854,FCY2,YER056C
305,RPL34A,YER056C-A
2848,HMF1,YER057C
1670,PET117,YER058W
3823,FCY21,YER060W
684,FCY22,YER060W-A
3537,CEM1,YER061C
2836,GPP2,YER062C
314,THO1,YER063W
4379,VHR2,YER064C
3055,ICL1,YER065C
359,RGI1,YER067W
3585,MOT2,YER068W
818,"ARG5,6",YER069W
85,ALD5,YER073W
2952,RPS24A,YER074W
1580,PTP3,YER075C
4530,NA,YER076C
1117,MRX1,YER077C
1150,ICP55,YER078C
3858,NA,YER078W-A
3491,SER3,YER081W
751,GET2,YER083C
3712,ILV1,YER086W
3512,SBH1,YER087C-B
3397,AIM10,YER087W
3811,DOT6,YER088C
1428,PTC2,YER089C
507,TRP2,YER090W
173,MET6,YER091C
2824,IES5,YER092W
718,TSC11,YER093C
2906,RAD51,YER095W
1065,UBP9,YER098W
815,PRS2,YER099C
674,UBC6,YER100W
3089,RPS8B,YER102W
3751,RTT105,YER104W
537,NUP157,YER105C
3250,MAM1,YER106W
3213,GLE2,YER107C
1593,FLO8,YER109C
3593,KAP123,YER110C
3058,SWI4,YER111C
3125,LSM4,YER112W
793,TMN3,YER113C
3937,BOI2,YER114C
1457,SPR6,YER115C
3022,SLX8,YER116C
4106,RPL23B,YER117W
3023,SHO1,YER118C
3754,AVT6,YER119C
1086,SCS2,YER120W
1066,YCK3,YER123W
3664,DSE1,YER124C
3806,NSA2,YER126C
3920,VFA1,YER128W
4202,SAK1,YER129W
1962,RPS26B,YER131W
3586,PMD1,YER132C
886,NA,YER134C
984,NA,YER137C
1485,RTR1,YER139C
323,EMP65,YER140W
3234,MAG1,YER142C
2843,DDI1,YER143W
585,UBP5,YER144C
3075,FTR1,YER145C
49,LSM5,YER146W
1184,SCC4,YER147C
1877,SPI1,YER150W
3254,NA,YER152C
2946,BEM2,YER155C
629,NA,YER156C
166,COG3,YER157W
4470,BUR6,YER159C
3156,RAD4,YER162C
3317,GCG1,YER163C
460,CHD1,YER164W
2812,PAB1,YER165W
503,DNF1,YER166W
3276,BCK2,YER167W
3377,RPH1,YER169W
3438,ADK2,YER170W
4457,RAD3,YER171W
1781,BRR2,YER172C
3044,RAD24,YER173W
3176,GRX4,YER174C
1179,TMT1,YER175C
4135,ECM32,YER176W
266,BMH1,YER177W
3869,PDA1,YER178W
3312,DMC1,YER179W
978,SLO1,YER180C-A
882,FMP10,YER182W
1530,TOG1,YER184C
4095,PUG1,YER185W
4475,NA,YER186C
1297,NA,YER187W
1385,NA,YER188C-A
4259,NA,YER189W
3122,YRF1-2,YER190W
3158,SPB4,YFL002C
4009,MSH4,YFL003C
3095,BLM10,YFL007W
1055,NA,YFL012W
2882,IES1,YFL013C
4000,HSP12,YFL014W
653,MDJ1,YFL016C
3439,LPD1,YFL018C
189,GAT1,YFL021W
231,EPL1,YFL024C
940,BST1,YFL025C
160,STE2,YFL026W
1127,GYP8,YFL027C
3619,CAF16,YFL028C
3878,AGX1,YFL030W
4116,HAC1,YFL031W
4079,RIM15,YFL033C
1418,NA,YFL034W
3099,RPO41,YFL036W
402,YPT1,YFL038C
669,FET5,YFL041W
3928,NA,YFL041W-A
1609,LAM5,YFL042C
3170,OTU1,YFL044C
4081,SEC53,YFL045C
3282,RGD2,YFL047W
647,EMP47,YFL048C
3024,SWP82,YFL049W
4168,ALR2,YFL050C
4101,NA,YFL051C
4352,ZNF1,YFL052W
1571,DAK2,YFL053W
3272,NA,YFL054C
4586,AGP3,YFL055W
3398,AAD6,YFL056C
1330,NA,YFL057C
548,SNZ3,YFL059W
1186,SNO3,YFL060C
1393,DDI2,YFL061W
1226,COS4,YFL062W
4720,NA,YFL064C
4070,NA,YFL065C
1321,NA,YFL066C
1144,NA,YFL067W
2143,NA,YFL068W
4322,LOC1,YFR001W
3607,NIC96,YFR002W
1366,YPI1,YFR003C
3534,SAD1,YFR005C
3351,NA,YFR006W
3003,YFH7,YFR007W
1116,FAR7,YFR008W
5129,UBP6,YFR010W
4512,DCV1,YFR012W
4542,NA,YFR012W-A
3803,CMK1,YFR014C
133,IGD1,YFR017C
2105,NA,YFR018C
3543,ATG18,YFR021W
4327,ROG3,YFR022W
1015,LSB3,YFR024C-A
845,HIS2,YFR025C
4593,ULI1,YFR026C
1786,ECO1,YFR027W
2841,PTR3,YFR029W
2865,MET10,YFR030W
6,RPL2A,YFR031C-A
1220,NA,YFR032C-B
819,QCR6,YFR033C
376,PHO4,YFR034C
2110,CDC26,YFR036W
710,IRC5,YFR038W
143,SAP155,YFR040W
1465,ERJ5,YFR041C
651,KEG1,YFR042W
2960,DUG1,YFR044C
4261,CNN1,YFR046C
446,BNA6,YFR047C
3819,RMD8,YFR048W
733,YMR31,YFR049W
420,HXK1,YFR053C
4214,IRC7,YFR055W
1315,NA,YFR057W
2788,ERG26,YGL001C
44,ERP6,YGL002W
3887,CDH1,YGL003C
3138,PMC1,YGL006W
413,NA,YGL007C-A
3483,PMA1,YGL008C
171,LEU1,YGL009C
2963,ERG4,YGL012W
3118,PDR1,YGL013C
2957,PUF4,YGL014W
1494,NA,YGL015C
1594,KAP122,YGL016W
3549,ATE1,YGL017W
2115,JAC1,YGL018C
2891,CKB1,YGL019W
1027,STT3,YGL022W
7,PIB2,YGL023C
3540,PGD1,YGL025C
987,TRP5,YGL026C
3686,CWH41,YGL027C
137,RPL24A,YGL031C
1249,PNC1,YGL037C
1782,NA,YGL039W
261,HEM2,YGL040C
726,DST1,YGL043W
4707,RIM8,YGL045W
112,ALG13,YGL047W
4155,RPT6,YGL048C
569,TIF4632,YGL049C
1025,MST27,YGL051W
52,ERV14,YGL054C
904,OLE1,YGL055W
633,GEP7,YGL057C
3834,PYC1,YGL062W
4408,MRH4,YGL064C
4567,SGF73,YGL066W
1137,AFT1,YGL071W
3130,HSF1,YGL073W
3684,MPS2,YGL075C
719,RPL7A,YGL076C
344,HNM1,YGL077C
1392,DBP3,YGL078C
4725,KXD1,YGL079W
372,MPC1,YGL080W
1355,NA,YGL081W
484,NA,YGL082W
198,GUP1,YGL084C
1058,MAD1,YGL086W
593,MMS2,YGL087C
3815,LIF1,YGL090W
3836,NBP35,YGL091C
3174,NUP145,YGL092W
2939,PAN2,YGL094C
15,VPS45,YGL095C
3637,TOS8,YGL096W
722,SRM1,YGL097W
3904,USE1,YGL098W
953,LSG1,YGL099W
339,SEH1,YGL100W
3025,NA,YGL101W
4514,VPS73,YGL104C
32,ARC1,YGL105W
4107,RMD9,YGL107C
152,NA,YGL108C
3320,CUE3,YGL110C
3794,NSA1,YGL111W
3038,SLD3,YGL113W
3013,SNF4,YGL115W
1606,COQ8,YGL119W
208,PRP43,YGL120C
4152,GPG1,YGL121C
943,NAB2,YGL122C
3458,RPS2,YGL123W
3086,MON1,YGL124C
4243,SOH1,YGL127C
3631,ITC1,YGL133W
1342,MRM2,YGL136C
976,SEC27,YGL137W
4167,NA,YGL138C
3884,HUL5,YGL141W
4102,GPI10,YGL142C
4575,MRF1,YGL143C
278,TIP20,YGL145W
1280,RRT6,YGL146C
4055,RPL9A,YGL147C
2928,INO80,YGL150C
849,NUT1,YGL151W
3137,PEX14,YGL153W
1338,LYS5,YGL154C
1796,CDC43,YGL155W
3511,ARI1,YGL157W
264,RCK1,YGL158W
1630,AIM14,YGL160W
1899,YIP5,YGL161C
4300,SUT1,YGL162W
1420,RAD54,YGL163C
1060,CUP2,YGL166W
3148,SUA5,YGL169W
4252,ROK1,YGL171W
678,NUP49,YGL172W
2931,XRN1,YGL173C
544,BUD13,YGL174W
3389,SAE2,YGL175C
448,MPT5,YGL178W
1318,GTS1,YGL181W
4437,MND1,YGL183C
3434,STR3,YGL184C
2816,RPS26A,YGL189C
258,CDC55,YGL190C
862,COX13,YGL191W
1710,IME4,YGL192W
3171,HOS2,YGL194C
3471,GCN1,YGL195W
673,DSD1,YGL196W
358,MDS3,YGL197W
4053,YIP4,YGL198W
71,KEX1,YGL203C
749,POX1,YGL205W
3912,YPT32,YGL210W
17,NCS6,YGL211W
4304,VAM7,YGL212W
3051,SKI8,YGL213C
3568,CLG1,YGL215W
392,KIP3,YGL216W
823,FRA2,YGL220W
1437,NIF3,YGL221C
1577,SDT1,YGL224C
3608,VRG4,YGL225W
786,OST5,YGL226C-A
1734,MTC3,YGL226W
2971,VID30,YGL227W
1004,NA,YGL230C
707,EMC4,YGL231C
3246,TAN1,YGL232W
3673,"ADE5,7",YGL234W
917,NA,YGL235W
3678,DOC1,YGL240W
4414,KAP114,YGL241W
24,NA,YGL242C
1273,TAD1,YGL243W
3748,RAI1,YGL246C
3231,PDE1,YGL248W
3502,ZIP2,YGL249W
1147,HFM1,YGL251C
158,HXK2,YGL253W
3523,FZF1,YGL254W
3734,ZRT1,YGL255W
785,ADH4,YGL256W
1181,MNT2,YGL257C
4201,VEL1,YGL258W
4797,NA,YGL258W-A
1044,PAU11,YGL261C
530,COS12,YGL263W
203,SWC4,YGR002C
701,PRP18,YGR006W
3154,NMA2,YGR010W
1654,MSB2,YGR014W
3915,NA,YGR015C
225,VMA7,YGR020C
2873,NA,YGR026W
2947,RPS25A,YGR027C
149,MSP1,YGR028W
4044,IMO32,YGR031W
4584,GSC2,YGR032W
453,TIM21,YGR033C
1372,NA,YGR035C
3948,CAX4,YGR036C
686,ACB1,YGR037C
1556,BUD9,YGR041W
3271,RME1,YGR044C
1940,NA,YGR045C
3020,TAM41,YGR046W
3380,UFD1,YGR048W
1293,SCM4,YGR049W
4482,FMP48,YGR052W
4287,NA,YGR053C
2975,NA,YGR054W
2855,MUP1,YGR055W
3318,LST7,YGR057C
1636,PEF1,YGR058W
3814,SPR3,YGR059W
3825,COX18,YGR062C
4284,VHT1,YGR065C
1294,NA,YGR066C
1723,NA,YGR067C
3362,ENV11,YGR071C
4207,SMD1,YGR074W
382,PRP38,YGR075C
1373,MRPL25,YGR076C
4238,PEX8,YGR077C
3787,PAC10,YGR078C
4536,NA,YGR079W
732,TWF1,YGR080W
3899,SLX9,YGR081C
142,RPL11B,YGR085C
3743,PIL1,YGR086C
3785,PDC6,YGR087C
3120,CTT1,YGR088W
301,UTP22,YGR090W
239,PRP31,YGR091W
1376,DRN1,YGR093W
3624,TPC1,YGR096W
552,ASK10,YGR097W
4705,TEL2,YGR099W
4121,PCP1,YGR101W
581,GTF1,YGR102C
3554,NOP7,YGR103W
81,VMA21,YGR105W
3083,VOA1,YGR106C
1130,CLB1,YGR108W
3403,CLB6,YGR109C
969,CLD1,YGR110W
1411,NA,YGR111W
1879,SHY1,YGR112W
1132,DAM1,YGR113W
1528,SPT6,YGR116W
680,RPS23A,YGR118W
500,NUP57,YGR119C
616,MEP1,YGR121C
1866,NA,YGR121W-A
4164,NA,YGR125W
3218,NA,YGR126W
4286,NA,YGR127W
867,UTP8,YGR128C
3946,SYF2,YGR129W
775,NA,YGR130C
3105,PHB1,YGR132C
1378,PEX4,YGR133W
4658,LSB1,YGR136W
1792,TPO2,YGR138C
1049,VPS62,YGR141W
3941,BTN2,YGR142W
1195,SKN1,YGR143W
1183,ECL1,YGR146C
3032,NA,YGR146C-A
1954,NAT2,YGR147C
676,NA,YGR149W
4054,CCM1,YGR150C
1466,NA,YGR153W
4199,PTI1,YGR156W
2869,NSR1,YGR159C
1113,RTS3,YGR161C
4099,TIF4631,YGR162W
4490,GTR2,YGR163W
1118,MRPS35,YGR165W
961,CLC1,YGR167W
4395,NA,YGR168C
693,LSO2,YGR169C-A
944,PSD2,YGR170W
1417,MSM1,YGR171C
3663,YIP1,YGR172C
4211,RBG2,YGR173W
3717,CBP4,YGR174C
846,NA,YGR174W-A
658,ERG1,YGR175C
3795,PBP1,YGR178C
3584,OKP1,YGR179C
30,QCR9,YGR183C
2796,TYS1,YGR185C
3481,HGH1,YGR187C
3829,BUB1,YGR188C
4368,CRH1,YGR189C
3919,HIP1,YGR191W
4144,PDX1,YGR193C
3951,XKS1,YGR194C
4086,SKI6,YGR195W
4794,YPP1,YGR198W
1053,PMT6,YGR199W
1101,ELP2,YGR200C
3835,NA,YGR201C
4098,YCH1,YGR203W
3775,NA,YGR204C-A
50,ADE3,YGR204W
3124,MVB12,YGR206W
3544,CIR1,YGR207C
2898,SER2,YGR208W
4392,TRX2,YGR209C
4409,ZPR1,YGR211W
4676,RPS0A,YGR214W
1311,RSM27,YGR215W
3764,GPI1,YGR216C
1327,CCH1,YGR217W
1935,MRPL9,YGR220C
1669,TOS2,YGR221C
3922,HSV2,YGR223C
4765,AMA1,YGR225W
3871,NA,YGR226C
398,DIE2,YGR227W
4260,BNS1,YGR230W
397,NAS6,YGR232W
46,YHB1,YGR234W
3374,MIC26,YGR235C
3539,SPG1,YGR236C
1770,NA,YGR237C
907,KEL2,YGR238C
3102,PEX21,YGR239C
3969,PFK1,YGR240C
1107,NA,YGR240C-A
1252,LSC2,YGR244C
2973,BRF1,YGR246C
1448,MGA1,YGR249W
202,NA,YGR250C
4366,GCN5,YGR252W
4458,PUP2,YGR253C
104,COQ6,YGR255C
4048,GND2,YGR256W
3761,MTM1,YGR257C
3658,RAD2,YGR258C
1776,BUD32,YGR262C
375,SAY1,YGR263C
553,NA,YGR266W
1148,HUA1,YGR268C
543,YTA7,YGR270W
43,EFG1,YGR271C-A
848,SLH1,YGR271W
1022,NA,YGR272C
1691,TAF1,YGR274C
4194,CAB4,YGR277C
4476,SCW4,YGR279C
1017,PXR1,YGR280C
960,YOR1,YGR281W
393,NA,YGR283C
3140,ERV29,YGR284C
702,ZUO1,YGR285C
4500,BIO2,YGR286C
4594,IMA1,YGR287C
3259,MAL13,YGR288W
3368,MAL11,YGR289C
1173,MAL12,YGR292W
4005,PAU12,YGR294W
3643,COS6,YGR295C
1399,YRF1-3,YGR296W
3519,HSE1,YHL002W
1363,LAG1,YHL003C
1703,MRP4,YHL004W
1180,SHU1,YHL006C
3908,STE20,YHL007C
3939,NA,YHL008C
1591,YAP3,YHL009C
494,PRS3,YHL011C
1848,NA,YHL012W
675,OTU2,YHL013C
2862,OPI1,YHL020C
1592,SPO11,YHL022C
1668,RIM4,YHL024W
3084,SNF6,YHL025W
3529,RIM101,YHL027W
1223,WSC4,YHL028W
3909,OCA5,YHL029C
1590,ECM29,YHL030W
745,GUT1,YHL032C
999,RPL8A,YHL033C
236,SBP1,YHL034C
3391,CBP2,YHL038C
386,EFM1,YHL039W
929,NA,YHL042W
4023,ECM34,YHL043W
518,NA,YHL044W
463,ARN2,YHL047C
4024,NA,YHL048C-A
4342,COS8,YHL048W
672,NA,YHL049C
4443,NA,YHL050C
41,OSH7,YHR001W
102,QCR10,YHR001W-A
188,TCD1,YHR003C
262,NEM1,YHR004C
73,ERG11,YHR007C
4234,NA,YHR007C-A
3385,SOD2,YHR008C
1149,TDA3,YHR009C
3103,DIA4,YHR011W
2831,VPS29,YHR012W
3473,MIP6,YHR015W
2870,YSC84,YHR016C
3009,RPS27B,YHR021C
4649,ECM12,YHR021W-A
4008,NA,YHR022C
4381,NA,YHR022C-A
656,RPN1,YHR027C
782,DAP2,YHR028C
3801,SLT2,YHR030C
3289,RRM3,YHR031C
4420,PIH1,YHR034C
428,PUT2,YHR037W
3131,MSC7,YHR039C
3121,VMA10,YHR039C-A
3408,BCD1,YHR040W
813,NCP1,YHR042W
1168,DOG2,YHR043C
3876,DOG1,YHR044C
4133,INM1,YHR046C
1306,AAP1,YHR047C
1367,YHK8,YHR048W
4132,NA,YHR050W-A
4356,COX6,YHR051W
3355,CIC1,YHR052W
1032,NA,YHR054C
1446,CUP1-2,YHR055C
1454,RSC30,YHR056C
3150,CPR2,YHR057C
3412,MED6,YHR058C
1774,FYV4,YHR059W
4251,VMA22,YHR060W
1383,GIC1,YHR061C
75,PAN5,YHR063C
3459,SSZ1,YHR064C
1635,DYS1,YHR068W
590,TRM5,YHR070W
4660,PCL5,YHR071W
3288,ERG7,YHR072W
1766,QNS1,YHR074W
3183,PTC7,YHR076W
539,NMD2,YHR077C
577,NA,YHR078W
1219,IRE1,YHR079C
1245,SAE3,YHR079C-A
781,LAM4,YHR080C
1227,KSP1,YHR082C
3424,RPF1,YHR088W
3309,GAR1,YHR089C
3735,YNG2,YHR090C
3341,MSR1,YHR091C
2795,HXT1,YHR094C
2860,HXT5,YHR096C
555,SFB3,YHR098C
4272,GEP4,YHR100C
641,KIC1,YHR102W
941,SBE22,YHR103W
3014,GRE3,YHR104W
3088,TRR2,YHR106W
2985,CTM1,YHR109W
685,ERP5,YHR110W
51,UBA4,YHR111W
1702,NA,YHR112C
485,APE4,YHR113W
4253,BZZ1,YHR114W
752,COX23,YHR116W
4257,TOM71,YHR117W
4282,ORC6,YHR118C
831,SET1,YHR119W
3530,MSH1,YHR120W
151,LSM12,YHR121W
4558,CIA2,YHR122W
2930,EPT1,YHR123W
1087,NDT80,YHR124W
295,ANS1,YHR126C
621,NA,YHR131C
222,ECM14,YHR132C
620,NSG1,YHR133C
957,WSS1,YHR134W
435,YCK1,YHR135C
351,SPL2,YHR136C
2877,ARO9,YHR137W
3868,NA,YHR138C
1626,SPS100,YHR139C
87,CHS7,YHR142W
3431,DCD1,YHR144C
614,CRP1,YHR146W
1247,MRPL6,YHR147C
3724,PEX28,YHR150W
2785,MTC6,YHR151C
3592,SPO12,YHR152W
3612,SPO16,YHR153C
4424,RTT107,YHR154W
728,LAM1,YHR155W
3376,LIN1,YHR156C
4018,REC104,YHR157W
508,KEL1,YHR158C
757,TDA11,YHR159W
3683,PEX18,YHR160C
557,MPC2,YHR162W
928,SOL3,YHR163W
3249,DNA2,YHR164C
277,THP2,YHR167W
3804,NMD3,YHR170W
139,ENO2,YHR174W
3133,CTR2,YHR175W
1541,FMO1,YHR176W
3060,NA,YHR177W
1644,STB5,YHR178W
429,NA,YHR182W
228,GND1,YHR183W
1192,SSP1,YHR184W
3698,IKI1,YHR187W
4468,ERG9,YHR190W
388,EGD2,YHR193C
1234,MDM31,YHR194W
1436,NVJ1,YHR195W
3766,AIM18,YHR198C
887,AIM46,YHR199C
1456,NBL1,YHR199C-A
1578,NA,YHR202W
3322,RPS4B,YHR203C
79,SCH9,YHR205W
4801,NA,YHR210C
4400,FLO5,YHR211W
1308,NA,YHR212W-A
470,NA,YHR213W
1156,NA,YHR213W-A
3965,NA,YHR213W-B
4087,NA,YHR214C-D
4349,NA,YHR214C-E
3507,NA,YHR214W
4034,PHO12,YHR215W
4177,NA,YHR218W
3772,NA,YHR219W
915,INP51,YIL002C
3,URM1,YIL008W
4115,EST3,YIL009C-A
3839,DOT5,YIL010W
3563,TIR3,YIL011W
3780,PDR11,YIL013C
3480,NA,YIL014C-A
4338,BAR1,YIL015W
245,SNL1,YIL016W
567,RPL2B,YIL018W
3505,HIS6,YIL020C
3565,YKE4,YIL023C
4154,IRR1,YIL026C
1461,EMC5,YIL027C
4324,NA,YIL029C
257,SSM4,YIL030C
3198,ULP2,YIL031W
57,BCY1,YIL033C
318,CAP2,YIL034C
3617,CKA1,YIL035C
3531,CST6,YIL036W
3168,TED1,YIL039W
451,GVP36,YIL041W
3980,PKP1,YIL042C
514,CBR1,YIL043C
4655,AGE2,YIL044C
4124,PIG2,YIL045W
723,NA,YIL046W-A
2935,SYG1,YIL047C
3817,PCL7,YIL050W
95,MMF1,YIL051C
233,RPL34B,YIL052C
2858,GPP1,YIL053W
3072,NA,YIL055C
1429,VHR1,YIL056W
1396,RGI2,YIL057C
3340,NA,YIL060W
18,YRB2,YIL063C
3613,RNR3,YIL066C
2827,NA,YIL067C
224,SEC6,YIL068C
3692,MAM33,YIL070C
473,PCI8,YIL071C
3339,HOP1,YIL072W
1067,SPO22,YIL073C
3209,SER33,YIL074C
212,SEC28,YIL076W
1018,NA,YIL077C
3378,AIR1,YIL079C
1523,CAB2,YIL083C
288,SDS3,YIL084C
4631,KTR7,YIL085C
3419,AIM19,YIL087C
4283,AVT7,YIL088C
4435,NA,YIL089W
3373,ICE2,YIL090W
1019,NA,YIL092W
3567,RSM25,YIL093C
373,PRK1,YIL095W
2857,FYV10,YIL097W
924,FMC1,YIL098C
3779,XBP1,YIL101C
4630,NA,YIL102C
3261,SHQ1,YIL104C
3369,SLM1,YIL105C
4825,MOB1,YIL106W
477,PFK26,YIL107C
1008,NA,YIL108W
1653,SEC24,YIL109C
3875,HOS4,YIL112W
2834,NUP159,YIL115C
980,PRM5,YIL117C
2885,RPI1,YIL119C
168,QDR2,YIL121W
4263,POG1,YIL122W
193,KGD1,YIL125W
563,RRT14,YIL127C
4032,MET18,YIL128W
426,TAO3,YIL129C
3898,ASG1,YIL130W
3767,CSM2,YIL132C
194,RPL16A,YIL133C
3225,NA,YIL134C-A
4148,VHS2,YIL135C
3236,OM45,YIL136W
3026,TMA108,YIL137C
3546,TPM2,YIL138C
4192,REV7,YIL139C
838,AXL2,YIL140W
1574,NDC80,YIL144W
1267,ATG32,YIL146C
1189,SLN1,YIL147C
322,RPL40A,YIL148W
3532,MCM10,YIL150C
3763,NA,YIL152W
4092,GUT2,YIL155C
3599,AIM20,YIL158W
3526,BNR1,YIL159W
4325,NA,YIL161W
3654,SUC2,YIL162W
1907,NIT1,YIL164C
3400,NA,YIL166C
2940,NA,YIL169C
3976,IMA3,YIL172C
3630,VTH1,YIL173W
4216,PAU14,YIL176C
692,NA,YIL177C
308,SGN1,YIR001C
4312,MPH1,YIR002C
513,DJP1,YIR004W
1175,IST3,YIR005W
209,EGH1,YIR007W
3456,PRI1,YIR008C
3436,MSL1,YIR009W
4709,DSN1,YIR010W
3141,SQT1,YIR012W
3853,RPR2,YIR015W
1477,MET28,YIR017C
1560,NA,YIR018C-A
4279,YAP5,YIR018W
4142,FLO11,YIR019C
4569,MRS1,YIR021W
4623,NA,YIR021W-A
662,SEC11,YIR022W
3574,INA22,YIR024C
1557,MND2,YIR025W
695,YVH1,YIR026C
1917,DAL4,YIR028W
1299,DCG1,YIR030C
1260,MGA2,YIR033W
541,NA,YIR035C
538,HYR1,YIR037W
3560,GTT1,YIR038C
504,NA,YIR042C
4258,CYR1,YJL005W
2864,CTK2,YJL006C
4629,VTC4,YJL012C
128,NA,YJL016W
3178,MPS3,YJL019W
2948,BBC1,YJL020C
3614,PET130,YJL023C
1777,RRN7,YJL025W
2850,RNR2,YJL026W
528,VPS53,YJL029C
1646,MAD2,YJL030W
4013,BET4,YJL031C
2958,KAR2,YJL034W
3742,TAD2,YJL035C
1108,IRC18,YJL037W
4535,LOH1,YJL038C
253,NUP192,YJL039C
630,NSP1,YJL041W
3757,MHP1,YJL042W
1532,NA,YJL043W
1649,GYP6,YJL044C
3966,RTT101,YJL047C
384,NA,YJL047C-A
1795,NA,YJL049W
1083,NA,YJL052C-A
135,TIM54,YJL054W
4122,NA,YJL055W
4233,ZAP1,YJL056C
3668,IKS1,YJL057C
1608,BIT61,YJL058C
2852,NUP82,YJL061W
1645,COA3,YJL062W-A
1251,MRPL8,YJL063C
1762,DLS1,YJL065C
3015,MPM1,YJL066C
296,NA,YJL068C
4370,UTP18,YJL069C
3451,ARG2,YJL071W
1191,JEM1,YJL073W
1926,NA,YJL077W-B
2909,SCP160,YJL080C
200,ARP4,YJL081C
4347,IML2,YJL082W
4499,TAX4,YJL083W
4100,ALY2,YJL084C
3134,TRL1,YJL087C
84,ARG3,YJL088W
3676,SIP4,YJL089W
1390,SRS2,YJL092W
1524,TOK1,YJL093C
3738,KHA1,YJL094C
1269,BCK1,YJL095W
1462,MRPL49,YJL096W
3771,SAP185,YJL098W
1493,CHS6,YJL099W
380,LSB6,YJL100W
1304,GSH1,YJL101C
4313,MEF2,YJL102W
3370,PAM16,YJL104W
632,IME2,YJL106W
1331,NA,YJL107C
4146,PRM10,YJL108C
320,UTP10,YJL109C
2955,GZF3,YJL110C
4205,NCA3,YJL116C
1096,PHO86,YJL117W
975,MTC1,YJL123C
735,NIT2,YJL126W
890,SPT10,YJL127C
1250,NA,YJL127C-B
697,TRK1,YJL129C
1324,NA,YJL132W
74,NA,YJL133C-A
3707,MRS3,YJL133W
2983,LCB3,YJL134W
3159,RPS21B,YJL136C
3181,GLG2,YJL137C
218,TIF2,YJL138C
215,YUR1,YJL139C
3551,SFH5,YJL145W
3759,IDS2,YJL146W
1563,MRX5,YJL147C
624,RPA34,YJL148W
4563,DAS1,YJL149W
459,SNA3,YJL151C
191,INO1,YJL153C
2797,VPS35,YJL154C
964,FBP26,YJL155C
3189,FAR1,YJL157C
479,CIS3,YJL158C
1754,HSP150,YJL159W
1369,PIR5,YJL160C
3427,JJJ2,YJL162C
91,TPK1,YJL164C
524,SET2,YJL168C
4544,ASG7,YJL170C
1503,NA,YJL171C
1075,RFA3,YJL173C
304,RPL17B,YJL177W
229,ATG27,YJL178C
1196,ATP12,YJL180C
3645,MNN11,YJL183W
654,ATG36,YJL185C
2903,RPS22A,YJL190C
414,RPS14B,YJL191W
72,SOP4,YJL192C
409,NA,YJL193W
1435,CDC6,YJL194W
1120,UBP12,YJL197W
540,ACO2,YJL200C
1604,PRP21,YJL203W
4236,NCE101,YJL205C
3115,NA,YJL206C
405,LAA1,YJL207C
3618,NUC1,YJL208C
3837,CBP1,YJL209W
1232,OPT1,YJL212C
1143,NA,YJL213W
1332,NA,YJL218W
3256,HXT9,YJL219W
3587,IMA4,YJL221C
4447,PAU1,YJL223C
602,NA,YJL225C
4057,APL1,YJR005W
3950,POL31,YJR006W
117,TDH2,YJR009C
1610,SPC1,YJR010C-A
2887,MET3,YJR010W
1069,NA,YJR011C
3489,TMA22,YJR014W
1155,NA,YJR015W
3255,ESS1,YJR017C
1051,TES1,YJR019C
3756,LSM8,YJR022W
3010,BNA1,YJR025C
574,GEA1,YJR031C
1744,CPR7,YJR032W
547,RAV1,YJR033C
3520,PET191,YJR034W
3745,RAD26,YJR035W
394,HUL4,YJR036C
260,GEF1,YJR040W
1412,NUP85,YJR042W
3425,POL32,YJR043C
3352,CYC1,YJR048W
3906,UTR1,YJR049C
3902,OSM1,YJR051W
4571,RAD7,YJR052W
1499,HIT1,YJR055W
214,CDC8,YJR057W
977,PTK2,YJR059W
3615,CBF1,YJR060W
1043,NA,YJR061W
583,NTA1,YJR062C
311,TOR1,YJR066W
1773,YAE1,YJR067C
3227,HAM1,YJR069C
383,LIA1,YJR070C
345,OPI3,YJR073C
3167,MOG1,YJR074W
4595,HOC1,YJR075W
1400,CDC11,YJR076C
3414,MIR1,YJR077C
1160,BNA2,YJR078W
533,AIM24,YJR080C
3346,EAF6,YJR082C
174,ACF4,YJR083C
3390,NA,YJR084W
973,NA,YJR085C
883,EMC2,YJR088C
3793,BIR1,YJR089W
3066,JSN1,YJR091C
210,BUD4,YJR092W
76,RPL43B,YJR094W-A
3190,SFC1,YJR095W
4015,NA,YJR096W
3916,JJJ3,YJR097W
858,YUH1,YJR099W
1539,AIM25,YJR100C
821,RSM26,YJR101W
3331,VPS25,YJR102C
400,URA8,YJR103W
3666,SOD1,YJR104C
841,ADO1,YJR105W
3741,ECM27,YJR106W
1337,CPA2,YJR109C
754,YMR1,YJR110W
424,NA,YJR111C
1441,NNF1,YJR112W
1028,NA,YJR112W-A
3226,NA,YJR114W
1569,NA,YJR115W
329,TDA4,YJR116W
3731,STE24,YJR117W
185,ILM1,YJR118C
636,JHD2,YJR119C
916,IBA57,YJR122W
522,VPS70,YJR126C
1655,RSF2,YJR127C
1432,MNS1,YJR131W
1339,XPT1,YJR133W
3296,SGM1,YJR134C
8,MET5,YJR137C
4181,IML1,YJR138W
1573,HOM6,YJR139C
1505,NA,YJR142W
313,PMT4,YJR143C
3031,RPS4A,YJR145C
4267,HMS2,YJR147W
4548,BAT2,YJR148W
717,DAN1,YJR150C
157,DAL5,YJR152W
1808,PGU1,YJR153W
9,NA,YJR154W
4041,AAD10,YJR155W
4156,THI11,YJR156C
4275,HXT16,YJR158W
1818,SOR1,YJR159W
3706,MPH3,YJR160C
4021,COS5,YJR161C
3206,MET14,YKL001C
2786,DID4,YKL002W
3728,MRP17,YKL003C
2900,RPL14A,YKL006W
3238,CAP1,YKL007W
234,LAC1,YKL008C
368,UFD4,YKL010C
3447,CCE1,YKL011C
3252,PRP40,YKL012W
103,ARC19,YKL013C
3305,URB1,YKL014C
3475,PUT3,YKL015W
4716,ATP7,YKL016C
771,SPT23,YKL020C
3897,CDC16,YKL022C
4430,PAN3,YKL025C
3096,GPX1,YKL026C
3387,IXR1,YKL032C
3161,TUL1,YKL034W
1268,UGP1,YKL035W
921,AIM26,YKL037W
3292,RGT1,YKL038W
2828,VPS24,YKL041W
3366,PHD1,YKL043W
219,DCW1,YKL046C
1431,ELM1,YKL048C
648,NA,YKL050C
3090,SFK1,YKL051W
4336,MDM35,YKL053C-A
2838,DEF1,YKL054C
2805,TMA19,YKL056C
3657,NUP120,YKL057C
4473,BLI1,YKL061W
3221,MSN4,YKL062W
589,MNR2,YKL064W
746,YET1,YKL065C
3482,YNK1,YKL067W
595,NUP100,YKL068W
2813,NA,YKL069W
356,NA,YKL071W
3627,STB6,YKL072W
3781,LHS1,YKL073W
3264,MUD2,YKL074C
153,NA,YKL075C
4227,DHR2,YKL078W
3348,SMY1,YKL079W
1357,TEF4,YKL081W
598,HOT13,YKL084W
3067,SRX1,YKL086W
4451,CYT2,YKL087C
4169,CAB3,YKL088W
1857,CUE2,YKL090W
799,NA,YKL091C
607,BUD2,YKL092C
579,YJU2,YKL095W
1286,NA,YKL096C-B
4314,CWP1,YKL096W
778,CWP2,YKL096W-A
4410,UTP11,YKL099C
471,YPF1,YKL100C
273,HSL1,YKL101W
78,APE1,YKL103C
792,NA,YKL106C-A
635,AAT1,YKL106W
1041,NA,YKL107W
1365,KTI12,YKL110C
3800,RAD27,YKL113C
4653,PRR1,YKL116C
1283,DGR2,YKL121W
3929,SSH4,YKL124W
4534,RRN3,YKL125W
430,YPK1,YKL126W
4346,PGM1,YKL127W
390,SHE2,YKL130C
1625,1-Oct,YKL134C
4178,MRPL31,YKL138C
3294,HSK3,YKL138C-A
2924,TGL1,YKL140W
1074,SDH3,YKL141W
3500,LTV1,YKL143W
1133,RPC25,YKL144C
4357,RPT1,YKL145W
4174,AVT3,YKL146W
1334,DBR1,YKL149C
926,MCR1,YKL150W
3558,GPM1,YKL152C
3151,RPS27A,YKL156W
3945,APE2,YKL157W
377,RCN1,YKL159C
1210,ELF1,YKL160W
4417,PIR1,YKL164C
609,TPK3,YKL166C
1506,MRP49,YKL167C
4129,KKQ8,YKL168C
4190,MRPL38,YKL170W
303,NNK1,YKL171W
4206,EBP2,YKL172W
3428,SNU114,YKL173W
4517,ZRT3,YKL175W
3570,LST4,YKL176C
3515,RPL17A,YKL180W
63,PRS1,YKL181W
959,FAS1,YKL182W
4396,SPE1,YKL184W
721,ASH1,YKL185W
492,FAT3,YKL187C
1652,PXA2,YKL188C
1161,HYM1,YKL189W
3029,CNB1,YKL190W
744,DPH2,YKL191W
1904,ACP1,YKL192C
108,SDS22,YKL193C
906,MIA40,YKL195W
1239,LOS1,YKL205W
748,ADD66,YKL206C
3036,EMC3,YKL207W
4001,CBT1,YKL208W
100,SAC1,YKL212W
3640,DOA1,YKL213C
4696,JEN1,YKL217W
743,FRE2,YKL220C
3111,MCH2,YKL221W
708,PAU16,YKL224C
1380,NA,YKR005C
130,MEH1,YKR007W
4344,RSC4,YKR008W
3656,FOX2,YKR009C
4061,TOF2,YKR010C
3409,PRY2,YKR013W
4066,YPT52,YKR014C
465,MIC60,YKR016W
532,HEL1,YKR017C
908,NA,YKR018C
3696,NTR2,YKR022C
238,GCN3,YKR026C
1216,BCH2,YKR027W
1343,SET3,YKR029C
217,DAL80,YKR034W
3633,KAE1,YKR038C
34,GAP1,YKR039W
880,NA,YKR041W
1237,UTH1,YKR042W
982,NA,YKR045C
347,PET10,YKR046C
893,NAP1,YKR048C
1122,FMP46,YKR049C
3504,MRS4,YKR052C
637,YSR3,YKR053C
1035,DYN1,YKR054C
1617,RHO4,YKR055W
3313,TRM2,YKR056W
3286,RPS21A,YKR057W
1415,GLG1,YKR058W
170,TIF1,YKR059W
1619,UTP30,YKR060W
1821,KTR2,YKR061W
642,OAF3,YKR064W
859,PAM17,YKR065C
3796,CCP1,YKR066C
2806,BET3,YKR068C
1093,NA,YKR070W
1259,DRE2,YKR071C
661,SIS2,YKR072C
62,ECM4,YKR076W
4114,MSA2,YKR077W
1190,TRZ1,YKR079C
5,MTD1,YKR080W
109,NUP133,YKR082W
3545,DAD2,YKR083C
509,OMA1,YKR087C
4278,TVP38,YKR088C
829,TGL4,YKR089C
3694,SRL3,YKR091W
4699,PCC1,YKR095W-A
1430,ESL2,YKR096W
951,PCK1,YKR097W
3660,BAS1,YKR099W
154,SKG1,YKR100C
4418,SIR1,YKR101W
1284,VBA5,YKR105C
1598,GEX2,YKR106W
327,DNM1,YLL001W
3386,RTT109,YLL002W
3595,SFI1,YLL003W
1270,NA,YLL006W-A
1271,LMO1,YLL007C
3100,DRS1,YLL008W
1564,PSR1,YLL010C
592,SOF1,YLL011W
1349,YEH1,YLL012W
325,PUF3,YLL013C
1439,SDC25,YLL016W
3555,COX19,YLL018C-A
4672,KNS1,YLL019C
3432,SPA2,YLL021W
1212,HIF1,YLL022C
4549,POM33,YLL023C
125,SSA2,YLL024C
501,HSP104,YLL026W
3235,ISA1,YLL027W
440,TPO1,YLL028W
150,GPI13,YLL031C
4732,IRC19,YLL033W
2905,RIX7,YLL034C
913,ENT4,YLL038C
1579,VPS13,YLL040C
4110,SDH2,YLL041C
1421,ATG10,YLL042C
4045,FPS1,YLL043W
3494,RPL8B,YLL045C
1658,FRE6,YLL051C
1620,AQY2,YLL052C
3648,NA,YLL053C
4043,NA,YLL054C
1356,NA,YLL056C
3600,NA,YLL058W
1518,GTT2,YLL060C
3938,MHT1,YLL062C
1449,AYT1,YLL063C
2116,PAU18,YLL064C
1676,NA,YLL066C
445,NA,YLL066W-B
3629,NA,YLL067C
1388,NA,YLR001C
1228,CMS1,YLR003C
3506,THI73,YLR004C
164,SSK1,YLR006C
3886,TEN1,YLR010C
756,LOT6,YLR011W
3942,GAT3,YLR013W
1546,BRE2,YLR015W
1839,PML1,YLR016C
3621,PSR2,YLR019W
292,YEH2,YLR020C
4323,IRC25,YLR021W
764,SDO1,YLR022C
622,UBR2,YLR024C
2866,SNF7,YLR025W
252,ADE16,YLR028C
881,NA,YLR030W
244,RSC58,YLR033W
783,SMF3,YLR034C
421,MLH2,YLR035C
4727,PAU23,YLR037C
3809,COX12,YLR038C
808,AFB1,YLR040C
2822,PDC1,YLR044C
2914,STU2,YLR045C
1902,NA,YLR046C
2792,RPS0B,YLR048W
948,NA,YLR049C
1526,NA,YLR053C
3611,OSW2,YLR054C
489,SPT8,YLR055C
3059,ERG3,YLR056W
4176,MNL2,YLR057W
531,SHM2,YLR058C
272,REX2,YLR059C
4011,BMT6,YLR063W
1841,ENV10,YLR065C
521,SPC3,YLR066W
1341,FYV7,YLR068W
4741,MEF1,YLR069C
2046,XYL2,YLR070C
3808,LAM6,YLR072W
727,RFU1,YLR073C
912,FMP25,YLR077W
2927,SIC1,YLR079W
1401,EMP46,YLR080W
3850,GAL2,YLR081W
3744,SRL2,YLR082C
146,EMP70,YLR083C
791,ARP6,YLR085C
4316,SMC4,YLR086W
1182,CSF1,YLR087C
1708,GAA1,YLR088W
3442,ALT1,YLR089C
4578,GEP5,YLR091W
3136,SUL2,YLR092W
4219,NYV1,YLR093C
3283,GIS3,YLR094C
688,IOC2,YLR095C
1800,HRT3,YLR097C
3039,CHA4,YLR098C
4185,ICT1,YLR099C
628,ERG27,YLR100W
3169,APC9,YLR102C
3222,LCL2,YLR104W
4429,SEN2,YLR105C
3162,REX3,YLR107W
1706,NA,YLR108C
576,CCW12,YLR110C
1880,AVL9,YLR114C
3300,MSL5,YLR116W
3314,CLF1,YLR117C
2895,SRN2,YLR119W
689,YPS1,YLR120C
705,YPS3,YLR121C
1129,NA,YLR126C
1683,ACE2,YLR131C
4478,USB1,YLR132C
1375,CKI1,YLR133W
2880,PDC5,YLR134W
2950,SLX4,YLR135W
4017,TIS11,YLR136C
1647,SLS1,YLR139C
4340,PUT1,YLR142W
605,ACF2,YLR144C
3932,RMP1,YLR145W
3680,SMD3,YLR147C
4161,PEP3,YLR148W
4277,RNH203,YLR154C
3967,NA,YLR154C-G
4388,NA,YLR154C-H
3659,NA,YLR154W-A
4557,NA,YLR154W-B
903,TAR1,YLR154W-C
1515,NA,YLR154W-E
1427,NA,YLR154W-F
1257,ASP3-1,YLR155C
4089,NA,YLR156W
3725,ASP3-2,YLR157C
837,NA,YLR157W-C
1176,ASP3-3,YLR158C
949,NA,YLR159C-A
1500,NA,YLR159W
575,ASP3-4,YLR160C
554,MAS1,YLR163C
4226,SHH4,YLR164W
4319,APS1,YLR170C
1097,DPH5,YLR172C
39,CBF5,YLR175W
123,SAM1,YLR180W
3139,SWI6,YLR182W
3746,TOS4,YLR183C
450,ATG26,YLR189C
1091,PEX13,YLR191W
2821,HCR1,YLR192C
1205,UPS1,YLR193C
3903,PWP1,YLR196W
3994,PBA1,YLR199C
1803,YKE2,YLR200W
847,COQ9,YLR201C
4412,QRI5,YLR204W
2066,HMX1,YLR205C
2936,SEC13,YLR208W
1689,PNP1,YLR209C
363,CLB4,YLR210W
2899,TUB4,YLR212C
1352,CRR1,YLR213C
1080,CDC123,YLR215C
4550,MSC3,YLR219W
1660,CCC1,YLR220W
1371,RSA3,YLR221C
3166,UTP13,YLR222C
3820,IFH1,YLR223C
436,UCC1,YLR224W
3750,ADY4,YLR227C
4680,ECM22,YLR228C
1939,EST1,YLR233C
1964,TOP3,YLR234W
4504,FAR10,YLR238W
936,LIP2,YLR239C
3524,ARV1,YLR242C
1394,CDD1,YLR245C
3987,ERF2,YLR246W
1164,IRC20,YLR247C
237,RCK2,YLR248W
1534,SSP120,YLR250W
3981,SYM1,YLR251W
126,NDL1,YLR254C
690,NA,YLR257W
419,GSY2,YLR258W
3211,HSP60,YLR259C
4276,LCB5,YLR260W
806,TMA7,YLR262C-A
3384,RPS28B,YLR264W
3603,NEJ1,YLR265C
2929,PDR8,YLR266C
3856,BOP2,YLR267W
1752,SEC22,YLR268W
441,DCS1,YLR270W
3900,YCS4,YLR272C
4564,PIG1,YLR273C
3891,MCM5,YLR274W
4369,SMD2,YLR275W
677,NA,YLR281C
3933,ECI1,YLR284C
422,NNT1,YLR285W
3316,RPS30A,YLR287C-A
3522,MEC3,YLR288C
3069,GUF1,YLR289W
1941,GCD7,YLR291C
3049,SEC72,YLR292C
4334,NA,YLR297W
1623,YHC1,YLR298C
3232,EXG1,YLR300W
148,ACO1,YLR304C
396,UBC12,YLR306W
891,NA,YLR307C-A
3838,CDA1,YLR307W
4399,CDA2,YLR308W
407,NA,YLR312C-B
3670,MRPL15,YLR312W-A
2889,NKP2,YLR315W
4180,TAD3,YLR316C
3968,BUD6,YLR319C
4188,CWC24,YLR323C
3857,PEX30,YLR324W
60,NA,YLR326W
2884,NMA1,YLR328W
3685,REC102,YLR329W
3665,CHS5,YLR330W
378,MID2,YLR332W
4084,NUP2,YLR335W
2814,VRP1,YLR337C
1747,SPO77,YLR341W
1459,FKS1,YLR342W
3843,NA,YLR345W
199,NA,YLR346C
181,ORM2,YLR350W
4364,NA,YLR352W
1978,BUD8,YLR353W
4120,TAL1,YLR354C
1384,RSC2,YLR357W
3973,VPS38,YLR360W
3828,DCR2,YLR361C
96,NMD4,YLR363C
3342,RPS22B,YLR367W
716,MDM30,YLR368W
3493,SSQ1,YLR369W
2988,ARC18,YLR370C
3204,ROM2,YLR371W
3404,ELO3,YLR372W
1071,VID22,YLR373C
760,STP3,YLR375W
3995,PSY3,YLR376C
3157,SEC61,YLR378C
4134,IKI3,YLR384C
3832,SWC7,YLR385C
1521,RPS29A,YLR388W
3466,STE23,YLR389C
1537,ECM19,YLR390W
2918,CCW14,YLR390W-A
824,ART10,YLR392C
762,ATP10,YLR393W
391,COX8,YLR395C
1078,AFG2,YLR397C
3446,BDF1,YLR399C
3883,DUS3,YLR401C
122,SFP1,YLR403W
3634,DUS4,YLR405W
4428,RPL31B,YLR406C
3392,NA,YLR406C-A
4240,NA,YLR412C-A
4565,BER1,YLR412W
2801,INA1,YLR413W
220,NA,YLR415C
4019,VPS36,YLR417W
247,NA,YLR419W
464,ATG17,YLR423C
3990,SPP382,YLR424W
3982,TUS1,YLR425W
442,TDA5,YLR426W
3591,MAG2,YLR427W
2879,SEN1,YLR430W
1077,IMD3,YLR432W
232,CNA1,YLR433C
267,TSR2,YLR435W
2996,ECM30,YLR436C
352,DIF1,YLR437C
42,LSM3,YLR438C-A
4616,CAR2,YLR438W
2835,RPS1A,YLR441C
1110,VMA6,YLR447C
971,RPL6B,YLR448W
827,HMG2,YLR450W
2893,LEU3,YLR451W
1395,SST2,YLR452C
3080,RIF2,YLR453C
28,FMP27,YLR454W
66,PDP3,YLR455W
4293,NA,YLR456W
3108,NBP1,YLR457C
4200,NA,YLR460C
3275,PAU4,YLR461W
1554,NA,YLR462W
1509,NA,YLR464W
1403,NA,YLR466C-B
730,YRF1-4,YLR466W
643,YRF1-5,YLR467W
3460,YPT7,YML001W
1507,NA,YML002W
4254,GLO1,YML004C
1865,TRM12,YML005W
328,NA,YML007C-A
3330,YAP1,YML007W
4204,ERG6,YML008C
3747,SPT5,YML010W
1215,ERV25,YML012W
3960,UBX2,YML013W
2981,TRM9,YML014W
1817,TAF11,YML015C
2867,PPZ1,YML016C
3605,PSP2,YML017W
1473,OST6,YML019W
207,NA,YML020W
1088,UNG1,YML021C
401,APT1,YML022W
4027,RPS17A,YML024W
4654,YML6,YML025C
861,RPS18B,YML026C
611,TSA1,YML028W
3045,USA1,YML029W
619,NDC1,YML031W
2987,RAD52,YML032C
700,SRC1,YML034W
286,AMD1,YML035C
3714,CGI121,YML036W
1414,YMD8,YML038C
4072,VPS71,YML041C
1098,CAT2,YML042W
3426,RRN11,YML043C
284,PRP39,YML046W
306,PRM6,YML047C
4454,GSF2,YML048W
25,RSE1,YML049C
88,SUR7,YML052W
3999,CYB2,YML054C
830,NA,YML054C-A
226,SPC2,YML055W
82,IMD4,YML056C
4163,CMP2,YML057W
1263,HUG1,YML058W-A
3927,OGG1,YML060W
713,MFT1,YML062C
4559,RPS1B,YML063W
3265,ORC1,YML065W
2910,ERV41,YML067C
714,ITT1,YML068W
3601,COG8,YML071C
967,TCB3,YML072C
529,RPL6A,YML073C
4367,HMG1,YML075C
2917,WAR1,YML076C
3687,BET5,YML077W
4269,CPR3,YML078W
1258,NA,YML079W
3626,DUS1,YML080W
3682,ATP18,YML081C-A
4071,TDA9,YML081W
3028,NA,YML082W
362,ALO1,YML086C
1845,RPM2,YML091C
4318,PRE8,YML092C
3930,UTP14,YML093W
3940,GIM5,YML094W
4170,RAD10,YML095C
3783,NA,YML096W
307,VPS9,YML097C
4111,TAF13,YML098W
1519,ARG81,YML099C
4326,TSL1,YML100W
935,CUE4,YML101C
3260,CAC2,YML102W
1405,NUP188,YML103C
983,URA5,YML106W
312,PML39,YML107C
1666,ZDS2,YML109W
4529,COQ5,YML110C
3536,BUL2,YML111W
2802,CTK3,YML112W
2943,ATR1,YML116W
4280,NAB6,YML117W
498,NDI1,YML120C
2844,GTR1,YML121W
93,PHO84,YML123C
53,PGA3,YML125C
777,ERG13,YML126C
4362,RSC9,YML127W
682,COX14,YML129C
134,NA,YML131W
995,CDC5,YMR001C
1624,MIX17,YMR002W
227,AIM34,YMR003W
1943,PLB2,YMR006C
3880,PLB1,YMR008C
140,NA,YMR010W
2842,HXT2,YMR011W
1810,SEC59,YMR013C
1307,ERG5,YMR015C
3112,SOK2,YMR016C
709,SPO20,YMR017W
816,NA,YMR018W
3177,MAC1,YMR021C
491,UBC7,YMR022W
1413,MSS1,YMR023C
3247,MRPL3,YMR024W
385,CSI1,YMR025W
798,PEX12,YMR026C
1092,FAR8,YMR029C
587,EIS1,YMR031C
996,HOF1,YMR032W
896,ARP9,YMR033W
4601,IMP2,YMR035W
4016,CCS1,YMR038C
3997,ARG80,YMR042W
3050,MCM1,YMR043W
3715,IOC4,YMR044W
970,NUP116,YMR047C
4537,CSM3,YMR048W
580,STB2,YMR053C
3564,STV1,YMR054W
615,BUB2,YMR055C
1433,AAC1,YMR056C
2803,FET3,YMR058W
115,ARG7,YMR062C
1408,AEP1,YMR064W
3675,SOV1,YMR066W
281,AVO2,YMR068W
3008,NAT4,YMR069W
3192,MOT3,YMR070W
4074,TVP18,YMR071C
1761,ABF2,YMR072W
550,PDS5,YMR076C
3501,VPS20,YMR077C
715,NAM7,YMR080C
729,ISF1,YMR081C
588,ADH3,YMR083W
3552,NPL6,YMR091C
3984,AIP1,YMR092C
1062,UTP15,YMR093W
2809,SNO1,YMR095C
638,SNZ1,YMR096W
634,MTG1,YMR097C
105,MUB1,YMR100W
1565,SRT1,YMR101C
1361,YPK2,YMR104C
3001,PGM2,YMR105C
4143,SPG4,YMR107W
404,ILV2,YMR108W
4354,MYO5,YMR109W
1729,FOL3,YMR113W
766,MGR3,YMR115W
2851,ASC1,YMR116C
366,ASI1,YMR119W
290,ADE17,YMR120C
3270,NA,YMR122W-A
2826,STO1,YMR125W
374,DLT1,YMR126C
3155,SAS2,YMR127C
4460,ECM16,YMR128W
663,POM152,YMR129W
1583,JLP2,YMR132C
1288,REC114,YMR133W
495,ERG29,YMR134W
2840,GID8,YMR135C
3465,GAT2,YMR136W
3517,PSO2,YMR137C
4497,CIN4,YMR138W
724,RIM11,YMR139W
2032,SIP5,YMR140W
256,RPL13B,YMR142C
248,RPS16A,YMR143W
3472,TIF34,YMR146C
406,IMP1,YMR150C
625,NUP53,YMR153W
790,RIM13,YMR154C
94,ATG16,YMR159C
3199,HLJ1,YMR161W
3056,DNF3,YMR162C
1241,MSS11,YMR164C
163,PAH1,YMR165C
1381,MLH1,YMR167W
4374,ALD3,YMR169C
741,ALD2,YMR170C
3091,DDR48,YMR173W
3594,SIP18,YMR175W
3957,SPT21,YMR179W
4456,CTL1,YMR180C
4539,RGM1,YMR182C
54,HSC82,YMR186W
132,GCV2,YMR189W
3308,SGS1,YMR190C
4380,SPG5,YMR191W
1158,GYL1,YMR192W
1870,VTI1,YMR197C
3405,CIK1,YMR198W
895,CLN1,YMR199W
285,ROT1,YMR200W
572,PFK2,YMR205C
1314,HFA1,YMR207C
1434,ERG12,YMR208W
4289,DML1,YMR211W
1743,CEF1,YMR213W
947,SCJ1,YMR214W
1277,GAS3,YMR215W
3653,TRS130,YMR218C
1543,ERG8,YMR220W
3488,FSH2,YMR222C
1679,MRE11,YMR224C
3954,MRPL44,YMR225C
736,NA,YMR226C
646,RRP5,YMR229C
3216,RPS10B,YMR230W
47,PEP5,YMR231W
4330,FUS2,YMR232W
566,RNH1,YMR234W
410,RNA1,YMR235C
324,DFG5,YMR238W
1082,RNT1,YMR239C
3527,CUS1,YMR240C
3849,YHM2,YMR241W
343,FAA4,YMR246W
3542,GAD1,YMR250W
319,HOR7,YMR251W-A
1050,GFD1,YMR255W
1014,COX7,YMR256C
3782,PET111,YMR257C
315,TPS3,YMR261C
667,SAP30,YMR263W
860,CUE1,YMR264W
2874,RSN1,YMR266W
4689,PPA2,YMR267W
3758,RRN9,YMR270C
3335,ZDS1,YMR273C
3160,RCE1,YMR274C
4151,BUL1,YMR275C
1325,CAT8,YMR280C
3304,GPI12,YMR281W
1589,YKU70,YMR284W
965,NGL2,YMR285C
3770,DSS1,YMR287C
2901,HSH155,YMR288W
3533,ABZ2,YMR289W
4525,HAS1,YMR290C
1317,TDA1,YMR291W
36,GOT1,YMR292W
1020,HER2,YMR293C
2933,PRC1,YMR297W
534,DYN3,YMR299C
759,ADE4,YMR300C
897,YME2,YMR302C
1230,ADH2,YMR303C
3454,UBP15,YMR304W
3573,SCW10,YMR305C
991,FKS3,YMR306W
4763,PSE1,YMR308C
2949,NIP1,YMR309C
3027,GLC8,YMR311C
1094,ELP6,YMR312W
2868,PRE5,YMR314W
4315,FET4,YMR319C
3521,SNO4,YMR322C
4363,RLP7,YNL002C
1023,SIS1,YNL007C
184,ASI3,YNL008C
962,IDP3,YNL009W
3538,SPO1,YNL012W
1,PBI2,YNL015W
3416,SSN8,YNL025C
1059,CRZ1,YNL027W
989,KTR5,YNL029C
3569,HHT2,YNL031C
3201,NCE103,YNL036W
69,IDH1,YNL037C
1309,GPI15,YNL038W
1873,BDP1,YNL039W
3755,COG6,YNL041C
423,BOP3,YNL042W
169,YIP3,YNL044W
1057,SLM2,YNL047C
737,ALG11,YNL048W
3762,SFB2,YNL049C
1123,NA,YNL050C
3598,COX5A,YNL052W
1187,GCD10,YNL062C
99,YDJ1,YNL064C
3606,AQR1,YNL065W
4306,SUN4,YNL066W
3411,FKH2,YNL068C
3224,RPL16B,YNL069C
3215,LAT1,YNL071W
1203,IMP4,YNL075W
242,MKS1,YNL076W
828,APJ1,YNL077W
4360,NIS1,YNL078W
3230,SWS2,YNL081C
1464,PMS1,YNL082W
1693,MKT1,YNL085W
3721,TCB2,YNL087W
1409,TOP2,YNL088W
3319,RHO2,YNL090W
1627,NST1,YNL091W
3848,YPT53,YNL093W
415,RPS7B,YNL096C
4294,PHO23,YNL097C
3207,RAS2,YNL098C
3881,AVT4,YNL101W
2976,POL1,YNL102W
3935,MET4,YNL103W
561,LEU4,YNL104C
338,INP52,YNL106C
1030,NA,YNL108C
2872,NOP15,YNL110C
3172,CYB5,YNL111C
3290,DBP2,YNL112W
1218,DMA2,YNL116W
3054,MLS1,YNL117W
2811,DCP2,YNL118C
3690,NAF1,YNL124W
1748,ESBP6,YNL125C
3548,FAR11,YNL127W
1698,TEP1,YNL128W
1484,NRK1,YNL129W
3135,CPT1,YNL130C
2980,FYV6,YNL133C
3093,FPR1,YNL135C
3578,EAF7,YNL136W
4295,SRV2,YNL138W
1208,YSF3,YNL138W-A
1000,THO2,YNL139C
3448,AAH1,YNL141W
836,MEP2,YNL142W
4020,MFA2,YNL145W
855,ASI2,YNL159C
612,RPL42A,YNL162W
3453,IBD2,YNL164C
38,BNI5,YNL166C
438,SKO1,YNL167C
4196,MDG1,YNL173C
3205,MRPL22,YNL177C
1920,RHO5,YNL180C
3200,NPR1,YNL183C
490,MRPL19,YNL185C
138,UBP10,YNL186W
371,NA,YNL190W
894,CHS1,YNL192W
2902,WHI3,YNL197C
3240,PSY2,YNL201C
613,SPS18,YNL204C
3562,RTT106,YNL206C
650,RIO2,YNL207W
14,SSB2,YNL209W
4661,MER1,YNL210W
275,VID27,YNL212W
4228,RRG9,YNL213C
1733,PEX17,YNL214W
3365,MGS1,YNL218W
289,ALG9,YNL219C
765,ADE12,YNL220W
4523,ATG4,YNL223W
3017,CNM67,YNL225C
497,JJJ1,YNL227C
155,PDR16,YNL231C
3841,CSL4,YNL232W
968,NA,YNL234W
556,KEX2,YNL238W
4212,LAP3,YNL239W
985,ZWF1,YNL241C
1581,CWC25,YNL245C
162,VPS75,YNL246W
3495,RPA49,YNL248C
3298,MPA43,YNL249C
4329,RAD50,YNL250W
1052,MRPL17,YNL252C
1134,TEX1,YNL253W
2969,GIS2,YNL255C
1783,SIP3,YNL257C
515,ATX1,YNL259C
3641,POL2,YNL262W
3580,PDR17,YNL264C
3372,IST1,YNL265C
3195,LYP1,YNL268W
4635,BSC4,YNL269W
1535,ALP1,YNL270C
461,SEC2,YNL272C
3241,TOF1,YNL273W
773,GOR1,YNL274C
1467,BOR1,YNL275W
3360,MET2,YNL277W
1721,CAF120,YNL278W
3862,ERG24,YNL280C
511,HCH1,YNL281W
3092,POP3,YNL282W
340,WSC2,YNL283C
1903,CUS2,YNL286W
3123,CAF40,YNL288W
889,PCL1,YNL289W
2911,RFC3,YNL290W
3422,MID1,YNL291C
1029,PUS4,YNL292W
1112,RIM21,YNL294C
927,MON2,YNL297C
4522,CLA4,YNL298W
797,TRF5,YNL299W
3413,RPL18B,YNL301C
4577,MCK1,YNL307C
1047,KRI1,YNL308C
4150,STB1,YNL309W
2045,SKP2,YNL311C
1214,EMW1,YNL313C
4566,DAL82,YNL314W
3669,PHA2,YNL316C
4166,HXT14,YNL318C
1194,KRE1,YNL322C
4067,LEM3,YNL323W
291,FIG4,YNL325C
1709,EGT2,YNL327W
4477,MDJ2,YNL328C
871,PEX6,YNL329C
1460,RPD3,YNL330C
1165,AAD14,YNL331C
4296,THI12,YNL332W
381,SNZ2,YNL333W
4229,SNO2,YNL334C
1313,COS1,YNL336W
4419,YRF1-6,YNL339C
1807,ATO2,YNR002C
4580,RPC34,YNR003C
67,VPS27,YNR006W
480,ATG3,YNR007C
1034,LRO1,YNR008W
3693,PHO91,YNR013C
4007,SMM1,YNR015W
55,ACC1,YNR016C
4248,ARE2,YNR019W
910,MRPL50,YNR022C
2883,SNF12,YNR023W
3327,SEC12,YNR026C
885,ALG12,YNR030W
3639,SSK2,YNR031C
627,HUB1,YNR032C-A
1495,PPG1,YNR032W
230,ABZ1,YNR033W
4579,SOL1,YNR034W
2787,ARC35,YNR035C
1511,MRPS12,YNR036C
4736,RSM19,YNR037C
4094,DBP6,YNR038W
4622,AGA1,YNR044W
1567,PET494,YNR045W
192,LYS9,YNR050C
2832,BRE5,YNR051C
1114,POP2,YNR052C
3094,HOL1,YNR055C
205,BIO5,YNR056C
3791,BIO3,YNR058W
4281,FRE4,YNR060W
1640,DSE4,YNR067C
3337,BSC5,YNR069C
3993,HXT17,YNR072W
3007,COS10,YNR075W
3191,PAU6,YNR076W
3901,TOP1,YOL006C
1272,RCL1,YOL010W
2961,HTZ1,YOL012C
2839,CMK2,YOL016C
4615,ESC8,YOL017W
4479,IFM1,YOL023W
4492,LAG2,YOL025W
3117,MIM1,YOL026C
1370,MDM38,YOL027C
3310,YAP7,YOL028C
4189,GAS5,YOL030W
3882,MSE1,YOL033W
3589,SMC5,YOL034W
136,RPP2A,YOL039W
2881,RPS15,YOL040C
3870,NGL1,YOL042W
954,PEX15,YOL044W
3553,PSK2,YOL045W
3073,GAL11,YOL051W
3830,SPE2,YOL052C
1207,DDR2,YOL052C-A
3582,THI20,YOL055C
1614,GPM3,YOL056W
3040,GPD2,YOL059W
468,MAM3,YOL060C
287,PRS5,YOL061W
4097,APM4,YOL062C
3851,MET22,YOL064C
3375,RIB2,YOL066C
1634,RTG1,YOL067C
437,HST1,YOL068C
4706,SDH5,YOL071W
608,THP1,YOL072W
696,NA,YOL075C
3769,ATP19,YOL077W-A
1253,AVO1,YOL078W
1983,REX4,YOL080C
3892,IRA2,YOL081W
2808,MPD2,YOL088C
1382,HAL9,YOL089C
4080,MSH2,YOL090W
687,SPO21,YOL091W
796,TRM10,YOL093W
3079,RFC4,YOL094C
1217,HMI1,YOL095C
4442,WRS1,YOL097C
788,PKH2,YOL100W
1875,IZH4,YOL101C
1138,ITR2,YOL103W
4198,INO4,YOL108C
2894,SHR5,YOL110W
3498,SKM1,YOL113W
3597,PAP2,YOL115W
1529,MSN1,YOL116W
3233,RRI2,YOL117W
4416,MCH4,YOL119C
4026,RPS19A,YOL121C
3338,TRM13,YOL125W
3642,YGK3,YOL128C
416,MED7,YOL135C
3214,PFK27,YOL136C
1828,BSC6,YOL137W
3187,CDC33,YOL139C
763,ARG8,YOL140W
3053,PPM2,YOL141W
1024,RIB4,YOL143C
1622,NOP8,YOL144W
3144,CTR9,YOL145C
3011,PSF3,YOL146W
196,PEX11,YOL147C
1438,SPT20,YOL148C
1849,DCP1,YOL149W
1323,GRE2,YOL151W
4311,FRE7,YOL152W
812,HPF1,YOL155C
2978,HXT11,YOL156W
2849,ENB1,YOL158C
1009,NA,YOL163W
4373,AAD15,YOL165C
4006,RRP6,YOR001W
1282,YSP3,YOR003W
3485,DNL4,YOR005C
114,SGT2,YOR007C
3332,TIR4,YOR009W
4713,AUS1,YOR011W
434,ERP4,YOR016C
3063,ROD1,YOR018W
1072,AHC1,YOR023C
4246,HST3,YOR025W
3287,BUB3,YOR026W
246,STI1,YOR027W
3681,CRS5,YOR031W
4712,HMS1,YOR032C
4636,EXO1,YOR033C
1328,AKR2,YOR034C
2941,PEP12,YOR036W
488,CYC2,YOR037W
4203,HIR2,YOR038C
2876,CKB2,YOR039W
3476,GLO4,YOR040W
644,CUE5,YOR042W
172,DBP5,YOR046C
3807,STD1,YOR047C
1470,RAT1,YOR048C
1026,VHS3,YOR054C
1036,SGT1,YOR057W
204,CKA2,YOR061W
354,RPL3,YOR063W
4245,YNG1,YOR064C
1682,CYT1,YOR065W
2,ALG8,YOR067C
2837,VPS5,YOR069W
1177,GYP1,YOR070C
4378,SGO1,YOR073W
1063,CDC21,YOR074C
1612,UFE1,YOR075W
1442,RTS2,YOR077W
3726,BUD21,YOR078W
3469,ATX2,YOR079C
3760,TGL5,YOR081C
106,WHI5,YOR083W
1281,OST3,YOR085W
994,YVC1,YOR087W
4321,VPS21,YOR089C
3109,PTC5,YOR090C
1209,ECM3,YOR092W
1006,ARF3,YOR094W
3047,RKI1,YOR095C
870,NUP1,YOR098C
3021,KTR1,YOR099W
610,CRC1,YOR100C
1582,RAS1,YOR101W
161,PIN2,YOR104W
3802,VAM3,YOR106W
3281,LEU9,YOR108W
1276,TFC7,YOR110W
3263,RPO31,YOR116C
3774,RPT5,YOR117W
3417,GCY1,YOR120W
1246,LEO1,YOR123C
4109,CAT5,YOR125C
664,RGA1,YOR127W
4609,AFI1,YOR129C
3078,ORT1,YOR130C
443,VPS17,YOR132W
3018,EFT1,YOR133W
4158,BAG7,YOR134W
178,IDH2,YOR136W
3356,SIA1,YOR137C
1285,RUP1,YOR138C
3217,SFL1,YOR140W
1869,ARP8,YOR141C
1292,LSC1,YOR142W
190,THI80,YOR143C
3450,MDM32,YOR147W
241,SPP2,YOR148C
462,SMP3,YOR149C
3097,MRPL23,YOR150W
536,RPB2,YOR151C
2965,PDR5,YOR153W
3325,ISN1,YOR155C
1048,NFI1,YOR156C
1045,PET123,YOR158W
535,SME1,YOR159C
3012,MTR10,YOR160W
1102,YRR1,YOR162C
4075,SEY1,YOR165W
3311,RPS28A,YOR167C
1095,GLN4,YOR168W
1963,DCS2,YOR173W
3616,MED4,YOR174W
3888,HEM15,YOR176W
4351,MPC54,YOR177C
4441,GAC1,YOR178C
3267,SYC1,YOR179C
546,DCI1,YOR180C
2932,LAS17,YOR181W
240,SER1,YOR184W
920,GSP2,YOR185C
1513,SPR1,YOR190W
3019,ULS1,YOR191W
958,THI72,YOR192C
761,PEX27,YOR193W
3689,SLK19,YOR195W
3854,LIP5,YOR196C
3076,MCA1,YOR197W
355,BFR1,YOR198C
3910,HIS3,YOR202W
4648,GEP3,YOR205C
3487,NOC2,YOR206W
1222,NPT1,YOR209C
3907,SAS5,YOR213C
1490,AIM41,YOR215C
3262,RFC1,YOR217W
1085,STE13,YOR219C
4270,MCT1,YOR221C
1492,ISU2,YOR226C
1419,WTM2,YOR229W
145,WTM1,YOR230W
3043,MKK1,YOR231W
1163,KIN4,YOR233W
1858,RPL33B,YOR234C
601,ABP140,YOR239W
361,MET7,YOR241W
3753,SSP2,YOR242C
4302,SRL1,YOR247W
3609,APC5,YOR249C
4436,NAT5,YOR253W
4264,SEC63,YOR254C
4078,OSW1,YOR255W
3285,HNT3,YOR258W
3418,GCD1,YOR260W
235,RPN8,YOR261C
1531,DSE3,YOR264W
1056,RBL2,YOR265W
599,PNT1,YOR266W
1801,HRK1,YOR267C
1089,PAC1,YOR269W
1224,VPH1,YOR270C
833,YTM1,YOR272W
3104,TPO4,YOR273C
3528,RIM20,YOR275C
1142,RFM1,YOR279C
3244,FSH3,YOR280C
3705,PLP2,YOR281C
454,RDL2,YOR286W
346,RPS10A,YOR293W
3865,RRS1,YOR294W
3132,UAF30,YOR295W
1768,MBF1,YOR298C-A
1005,RAX1,YOR301W
1540,NA,YOR302W
3632,ISW2,YOR304W
3719,MCH5,YOR306C
1351,SLY41,YOR307C
1451,SNU66,YOR308C
1305,SPS4,YOR313C
4776,SFG1,YOR315W
2942,COT1,YOR316C
586,PMT3,YOR321W
131,PRO2,YOR323C
3492,MYO2,YOR326W
4472,MIP1,YOR330C
1611,VMA4,YOR332W
3243,ALA1,YOR335C
776,KRE5,YOR336W
1151,TEA1,YOR337W
4085,TYE7,YOR344C
3844,REV1,YOR346W
1139,PYK2,YOR347C
4599,PUT4,YOR348C
1353,CIN1,YOR349W
1301,MNE1,YOR350C
3885,MEK1,YOR351C
3423,SOG2,YOR353C
3415,MSC6,YOR354C
1516,GDS1,YOR355W
4724,CIR2,YOR356W
2896,SNX3,YOR357C
399,HAP5,YOR358W
64,PRT1,YOR361C
3463,PRE10,YOR362C
1716,PIP2,YOR363C
369,SCP1,YOR367W
3082,RAD17,YOR368W
3461,RPS12,YOR369C
3041,MRS6,YOR370C
1302,GPB1,YOR371C
734,NUD1,YOR373W
110,ALD4,YOR374W
4851,ATF1,YOR377W
4402,RDR1,YOR380W
594,FRE3,YOR381W
263,FIT2,YOR382W
4052,FDH1,YOR388C
3037,HSP33,YOR391C
3845,ERR1,YOR393W
493,ULA1,YPL003W
3790,AEP3,YPL005W
282,NCR1,YPL006W
1455,TFC8,YPL007C
1468,CHL1,YPL008W
3070,TAF3,YPL011C
3799,RRP12,YPL012W
1525,HST2,YPL015C
3110,CTF19,YPL018W
3547,RAD1,YPL022W
4481,RMI1,YPL024W
683,SKS1,YPL026C
4241,SMA1,YPL027W
3651,ERG10,YPL028W
974,SUV3,YPL029W
2937,TRM44,YPL030W
3273,PHO85,YPL031C
177,SVL3,YPL032C
3229,EGD1,YPL037C
3274,MET31,YPL038W
4520,ISM1,YPL040C
1221,SSN3,YPL042C
820,NOP4,YPL043W
4131,ELC1,YPL046C
4659,SGF11,YPL047W
197,CAM1,YPL048W
3572,DIG1,YPL049C
4501,MNN9,YPL050C
2994,LGE1,YPL055C
800,SUR1,YPL057C
4377,GRX5,YPL059W
3646,MFM1,YPL060W
349,ALD6,YPL061W
3358,TIM50,YPL063W
4343,MUK1,YPL070W
316,UBP16,YPL072W
4162,GCR1,YPL075W
89,ATP4,YPL078C
3042,RPS9A,YPL081W
1544,SEN54,YPL083C
3208,ELP3,YPL086C
499,YDC1,YPL087W
1255,NA,YPL088W
3005,GLR1,YPL091W
3805,SEC62,YPL094C
4037,ERI1,YPL096C-A
516,PNG1,YPL096W
1445,INA17,YPL099C
1410,ATG21,YPL100W
3188,ELP4,YPL101W
520,FMP30,YPL103C
1126,MSD1,YPL104W
1549,SSE1,YPL106C
2998,CAR1,YPL111W
3052,PEX25,YPL112C
4467,NA,YPL113C
58,BEM3,YPL115C
655,HOS3,YPL116W
3064,IDI1,YPL117C
1296,MRP51,YPL118W
211,DBP1,YPL119C
4242,VPS30,YPL120W
1785,KAP120,YPL125W
3457,TBF1,YPL128C
1469,SPO19,YPL130W
4125,RDS2,YPL133C
3812,ODC1,YPL134C
937,ISU1,YPL135W
3165,SPP1,YPL138C
876,PXA1,YPL147W
731,ATG5,YPL149W
3323,RRD2,YPL152W
3998,RAD53,YPL153C
3393,PEP4,YPL154C
1204,KIP2,YPL155C
4485,PRM4,YPL156C
942,TGS1,YPL157W
3347,SVS1,YPL163C
3699,MLH3,YPL164C
3575,SET6,YPL165C
3974,REV3,YPL167C
395,DAP1,YPL170W
925,MRPL40,YPL173W
4058,NIP100,YPL174C
271,SPT14,YPL175W
822,CUP9,YPL177C
779,PPQ1,YPL179W
506,TCO89,YPL180W
2127,CTI6,YPL181W
98,UIP4,YPL186C
3435,POS5,YPL188W
3328,GUP2,YPL189W
1498,PRM3,YPL192C
3917,RSA1,YPL193W
3983,DDC1,YPL194W
3818,APL5,YPL195W
3164,OXR1,YPL196W
274,RPL7B,YPL198W
3421,AFT2,YPL202C
4422,HRR25,YPL204W
1178,IPL1,YPL209C
3057,SRP72,YPL210C
3718,NIP7,YPL211W
331,PUS1,YPL212C
3947,LEA1,YPL213W
4398,THI6,YPL214C
3921,CBP3,YPL215W
3576,PCL8,YPL219W
4112,RPL1A,YPL220W
571,GRE1,YPL223C
1527,MMT2,YPL224C
3004,NEW1,YPL226W
742,FAS2,YPL231W
1007,SSO1,YPL232W
4358,NSL1,YPL233W
3437,VMA11,YPL234C
1536,YAR1,YPL239W
986,HSP82,YPL240C
1329,CIN2,YPL241C
3307,IQG1,YPL242C
3382,HUT1,YPL244C
3478,RBD2,YPL246C
1416,GAL4,YPL248C
20,GYP5,YPL249C
505,VIK1,YPL253C
801,HFI1,YPL254W
1471,CLN2,YPL256C
3000,THI21,YPL258C
2794,APM1,YPL259C
2938,FUM1,YPL262W
3700,KEL3,YPL263C
2859,DIP5,YPL265W
3962,PLC1,YPL268W
1295,KAR9,YPL269W
4570,MDL2,YPL270W
113,ATP15,YPL271W
4506,ERR2,YPL281C
1443,YRF1-7,YPL283C
3934,PDH1,YPR002W
4383,HAL1,YPR005C
3652,REC8,YPR007C
4393,SUT2,YPR009W
4104,RPA135,YPR010C
3152,TIF6,YPR016C
1615,DSS4,YPR017C
4730,RLF2,YPR018W
3936,AGC1,YPR021C
1248,ATH1,YPR026W
3455,YOP1,YPR028W
2923,APL4,YPR029C
3357,NTO1,YPR031W
13,GLN1,YPR035W
206,VMA13,YPR036W
2990,SPO24,YPR036W-A
1319,ERV2,YPR037C
1172,TIP41,YPR040W
332,TIF5,YPR041W
840,MCM16,YPR046W
2810,TAH18,YPR048W
4335,ATG11,YPR049C
1602,SMK1,YPR054W
496,SEC8,YPR055W
3284,TFB4,YPR056W
3030,BRR1,YPR057W
795,ARO7,YPR060C
3153,JID1,YPR061C
811,FCY1,YPR062W
3556,ROX1,YPR065W
1345,UBA3,YPR066W
1040,MED1,YPR070W
789,NOT5,YPR072W
902,LTP1,YPR073C
519,TKL1,YPR074C
3655,OPY2,YPR075C
3991,NA,YPR078C
101,TEF1,YPR080W
3704,GRS2,YPR081C
857,MDM36,YPR083W
3395,RDS3,YPR094W
3062,SYT1,YPR095C
254,RPL11A,YPR102C
3949,FHL1,YPR104C
4556,COG4,YPR105C
3107,ISR1,YPR106W
3590,YTH1,YPR107C
623,RPN7,YPR108W
4285,RPC40,YPR110C
1011,DBF20,YPR111W
681,MRD1,YPR112C
195,PIS1,YPR113W
670,CLB2,YPR119W
4387,CLB5,YPR120C
3180,THI22,YPR121W
945,CTR1,YPR124W
1444,ANT1,YPR128C
3525,NAT3,YPR131C
3449,RPS23B,YPR132W
250,SPN1,YPR133C
4652,TOM5,YPR133W-A
175,CTF4,YPR135W
326,MEP3,YPR138C
1657,KAR3,YPR141C
4494,NOC4,YPR144C
3559,ASN1,YPR145W
4130,SUE1,YPR151C
367,PIN3,YPR154W
835,KRE6,YPR159W
1076,GPH1,YPR160W
1141,TIF3,YPR163C
3486,MMS1,YPR164W
23,MET16,YPR167C
2892,VPS4,YPR173C
3237,BET2,YPR176C
1751,HDA3,YPR179C
1618,DPM1,YPR183W
706,GDB1,YPR184W
1104,PZF1,YPR186C
1520,RPO26,YPR187W
3571,MLC2,YPR188C
3722,SKI3,YPR189W
3361,RPC82,YPR190C
92,QCR2,YPR191W
3732,HPA2,YPR193C
3394,OPT2,YPR194C
4022,ARR1,YPR199C
4502,ARR2,YPR200C
